port_name,net_name,dir,is_startpoint,is_endpoint,x0,y0,x1,y1,tran,slack,rise_arr,fall_arr
axi_req_o\[ar\]\[addr\][0],axi_req_o\[ar\]\[addr\][0],OUTPUT,0,1,0,120916,274,120948,6.702014811177381e-12,1.7435314303426708e-09,6.626416082511355e-10,6.664685470170184e-10
axi_req_o\[ar\]\[addr\][10],axi_req_o\[ar\]\[addr\][10],OUTPUT,0,1,0,121812,274,121844,6.121918944002047e-12,1.6709504890854987e-09,7.197488716137457e-10,7.390495437853417e-10
axi_req_o\[ar\]\[addr\][11],axi_req_o\[ar\]\[addr\][11],OUTPUT,0,1,121044,0,121076,274,6.297165913715652e-12,1.704575147698506e-09,6.745440872535369e-10,7.054248851723344e-10
axi_req_o\[ar\]\[addr\][12],axi_req_o\[ar\]\[addr\][12],OUTPUT,0,1,121044,0,121068,334,6.297165913715652e-12,1.6637871080860123e-09,7.27227389418772e-10,7.462128137625257e-10
axi_req_o\[ar\]\[addr\][13],axi_req_o\[ar\]\[addr\][13],OUTPUT,0,1,121044,400442,121076,400716,6.297165913715652e-12,1.6698520344249346e-09,7.184421391137619e-10,7.401478874236034e-10
axi_req_o\[ar\]\[addr\][14],axi_req_o\[ar\]\[addr\][14],OUTPUT,0,1,121044,400382,121068,400716,6.297165913715652e-12,1.725719567247097e-09,6.612302372310808e-10,6.842804101125921e-10
axi_req_o\[ar\]\[addr\][15],axi_req_o\[ar\]\[addr\][15],OUTPUT,0,1,121812,0,121844,274,1.8602555260094356e-11,1.579988806454935e-09,8.062596146274359e-10,8.300111709047542e-10
axi_req_o\[ar\]\[addr\][16],axi_req_o\[ar\]\[addr\][16],OUTPUT,0,1,121812,400442,121844,400716,6.297165913715652e-12,1.6698520344249346e-09,7.184421391137619e-10,7.401478874236034e-10
axi_req_o\[ar\]\[addr\][17],axi_req_o\[ar\]\[addr\][17],OUTPUT,0,1,121812,0,121836,334,5.902040141336773e-12,1.7747097125209166e-09,6.16873052639022e-10,6.352903203499238e-10
axi_req_o\[ar\]\[addr\][18],axi_req_o\[ar\]\[addr\][18],OUTPUT,0,1,121812,400382,121836,400716,6.121918944002047e-12,1.7124163198545261e-09,6.63741839268539e-10,6.97583657505163e-10
axi_req_o\[ar\]\[addr\][19],axi_req_o\[ar\]\[addr\][19],OUTPUT,0,1,400706,121064,401040,121088,6.297165913715652e-12,1.660152348925692e-09,7.31380567220441e-10,7.498476284339972e-10
axi_req_o\[ar\]\[addr\][1],axi_req_o\[ar\]\[addr\][1],OUTPUT,0,1,121940,0,121972,274,6.702014811177381e-12,1.7434558241546938e-09,6.626416082511355e-10,6.665440976938442e-10
axi_req_o\[ar\]\[addr\][20],axi_req_o\[ar\]\[addr\][20],OUTPUT,0,1,400766,121044,401040,121076,1.8602555260094356e-11,1.579988806454935e-09,8.062596146274359e-10,8.300111709047542e-10
axi_req_o\[ar\]\[addr\][21],axi_req_o\[ar\]\[addr\][21],OUTPUT,0,1,0,121064,334,121088,1.8602555260094356e-11,1.579988806454935e-09,8.062596146274359e-10,8.300111709047542e-10
axi_req_o\[ar\]\[addr\][22],axi_req_o\[ar\]\[addr\][22],OUTPUT,0,1,0,121044,274,121076,1.8602555260094356e-11,1.579988806454935e-09,8.062596146274359e-10,8.300111709047542e-10
axi_req_o\[ar\]\[addr\][23],axi_req_o\[ar\]\[addr\][23],OUTPUT,0,1,400706,121704,401040,121728,6.121918944002047e-12,1.6709504890854987e-09,7.197488716137457e-10,7.390495437853417e-10
axi_req_o\[ar\]\[addr\][24],axi_req_o\[ar\]\[addr\][24],OUTPUT,0,1,0,121704,334,121728,1.8602555260094356e-11,1.579988806454935e-09,8.062596146274359e-10,8.300111709047542e-10
axi_req_o\[ar\]\[addr\][25],axi_req_o\[ar\]\[addr\][25],OUTPUT,0,1,121140,0,121164,334,6.297165913715652e-12,1.704575147698506e-09,6.745440872535369e-10,7.054248851723344e-10
axi_req_o\[ar\]\[addr\][26],axi_req_o\[ar\]\[addr\][26],OUTPUT,0,1,121140,400382,121164,400716,6.297165913715652e-12,1.660152348925692e-09,7.31380567220441e-10,7.498476284339972e-10
axi_req_o\[ar\]\[addr\][27],axi_req_o\[ar\]\[addr\][27],OUTPUT,0,1,400766,121684,401040,121716,6.297165913715652e-12,1.6637871080860123e-09,7.27227389418772e-10,7.462128137625257e-10
axi_req_o\[ar\]\[addr\][28],axi_req_o\[ar\]\[addr\][28],OUTPUT,0,1,0,121684,274,121716,6.297165913715652e-12,1.660152348925692e-09,7.31380567220441e-10,7.498476284339972e-10
axi_req_o\[ar\]\[addr\][29],axi_req_o\[ar\]\[addr\][29],OUTPUT,0,1,121716,0,121740,334,1.8602555260094356e-11,1.579988806454935e-09,8.062596146274359e-10,8.300111709047542e-10
axi_req_o\[ar\]\[addr\][2],axi_req_o\[ar\]\[addr\][2],OUTPUT,0,1,121940,400442,121972,400716,6.702014811177381e-12,1.7434558241546938e-09,6.626416082511355e-10,6.665440976938442e-10
axi_req_o\[ar\]\[addr\][30],axi_req_o\[ar\]\[addr\][30],OUTPUT,0,1,121716,400382,121740,400716,1.8602555260094356e-11,1.579988806454935e-09,8.062596146274359e-10,8.300111709047542e-10
axi_req_o\[ar\]\[addr\][31],axi_req_o\[ar\]\[addr\][31],OUTPUT,0,1,121172,0,121204,274,5.960960891560063e-12,1.620074074892841e-09,7.704865079283252e-10,7.899259579779994e-10
axi_req_o\[ar\]\[addr\][32],axi_req_o\[ar\]\[addr\][32],OUTPUT,0,1,400766,121172,401040,121204,6.121918944002047e-12,1.6612506925639536e-09,7.305419602587904e-10,7.487492847957355e-10
axi_req_o\[ar\]\[addr\][33],axi_req_o\[ar\]\[addr\][33],OUTPUT,0,1,121172,400442,121204,400716,6.297165913715652e-12,1.660152348925692e-09,7.298575632752602e-10,7.498476284339972e-10
axi_req_o\[ar\]\[addr\][34],axi_req_o\[ar\]\[addr\][34],OUTPUT,0,1,0,121172,274,121204,6.121918944002047e-12,1.6709504890854987e-09,7.197488716137457e-10,7.390495437853417e-10
axi_req_o\[ar\]\[addr\][35],axi_req_o\[ar\]\[addr\][35],OUTPUT,0,1,121684,0,121716,274,6.297165913715652e-12,1.660152348925692e-09,7.31380567220441e-10,7.498476284339972e-10
axi_req_o\[ar\]\[addr\][36],axi_req_o\[ar\]\[addr\][36],OUTPUT,0,1,121684,400442,121716,400716,5.902040141336773e-12,1.5954041421295528e-09,7.936548085396566e-10,8.145958352301363e-10
axi_req_o\[ar\]\[addr\][37],axi_req_o\[ar\]\[addr\][37],OUTPUT,0,1,400706,121224,401040,121248,5.960960891560063e-12,1.5953852683381342e-09,7.942880797529028e-10,8.14614709021555e-10
axi_req_o\[ar\]\[addr\][38],axi_req_o\[ar\]\[addr\][38],OUTPUT,0,1,0,121224,334,121248,5.902040141336773e-12,1.5954041421295528e-09,7.940061386157993e-10,8.145958352301363e-10
axi_req_o\[ar\]\[addr\][39],axi_req_o\[ar\]\[addr\][39],OUTPUT,0,1,121236,0,121260,334,5.9803117319345844e-12,1.6120853540968483e-09,7.794714873554653e-10,7.979146232628409e-10
axi_req_o\[ar\]\[addr\][3],axi_req_o\[ar\]\[addr\][3],OUTPUT,0,1,120948,0,120972,334,6.702014811177381e-12,1.7073501501485566e-09,6.626416082511355e-10,7.026498272111326e-10
axi_req_o\[ar\]\[addr\][40],axi_req_o\[ar\]\[addr\][40],OUTPUT,0,1,121236,400382,121260,400716,5.9803117319345844e-12,1.6120853540968483e-09,7.794714873554653e-10,7.979146232628409e-10
axi_req_o\[ar\]\[addr\][41],axi_req_o\[ar\]\[addr\][41],OUTPUT,0,1,121620,0,121644,334,5.960960891560063e-12,1.620074074892841e-09,7.704865079283252e-10,7.899259579779994e-10
axi_req_o\[ar\]\[addr\][42],axi_req_o\[ar\]\[addr\][42],OUTPUT,0,1,121620,400382,121644,400716,5.960960891560063e-12,1.5953852683381342e-09,7.942880797529028e-10,8.14614709021555e-10
axi_req_o\[ar\]\[addr\][43],axi_req_o\[ar\]\[addr\][43],OUTPUT,0,1,400706,121544,401040,121568,5.960960891560063e-12,1.620074074892841e-09,7.704865079283252e-10,7.899259579779994e-10
axi_req_o\[ar\]\[addr\][44],axi_req_o\[ar\]\[addr\][44],OUTPUT,0,1,400766,121556,401040,121588,5.902040141336773e-12,1.7072774305404437e-09,6.726532664202978e-10,7.027225468192455e-10
axi_req_o\[ar\]\[addr\][45],axi_req_o\[ar\]\[addr\][45],OUTPUT,0,1,0,121544,334,121568,5.9803117319345844e-12,1.5953034449012193e-09,7.943806723531566e-10,8.146965324584698e-10
axi_req_o\[ar\]\[addr\][46],axi_req_o\[ar\]\[addr\][46],OUTPUT,0,1,0,121556,274,121588,5.9803117319345844e-12,1.5953034449012193e-09,7.943806723531566e-10,8.146965324584698e-10
axi_req_o\[ar\]\[addr\][47],axi_req_o\[ar\]\[addr\][47],OUTPUT,0,1,121300,0,121332,274,5.960960891560063e-12,1.5953852683381342e-09,7.939367496767602e-10,8.14614709021555e-10
axi_req_o\[ar\]\[addr\][48],axi_req_o\[ar\]\[addr\][48],OUTPUT,0,1,400766,121300,401040,121332,5.960960891560063e-12,1.5953852683381342e-09,7.939367496767602e-10,8.14614709021555e-10
axi_req_o\[ar\]\[addr\][49],axi_req_o\[ar\]\[addr\][49],OUTPUT,0,1,121300,400442,121332,400716,5.9803117319345844e-12,1.6120853540968483e-09,7.794714873554653e-10,7.979146232628409e-10
axi_req_o\[ar\]\[addr\][4],axi_req_o\[ar\]\[addr\][4],OUTPUT,0,1,120948,400382,120972,400716,6.121918944002047e-12,1.7056733803144652e-09,6.737054802918863e-10,7.043265415340727e-10
axi_req_o\[ar\]\[addr\][50],axi_req_o\[ar\]\[addr\][50],OUTPUT,0,1,0,121300,274,121332,5.9803117319345844e-12,1.5953034449012193e-09,7.943806723531566e-10,8.146965324584698e-10
axi_req_o\[ar\]\[addr\][51],axi_req_o\[ar\]\[addr\][51],OUTPUT,0,1,121556,0,121588,274,5.960960891560063e-12,1.620074074892841e-09,7.704865079283252e-10,7.899259579779994e-10
axi_req_o\[ar\]\[addr\][52],axi_req_o\[ar\]\[addr\][52],OUTPUT,0,1,121556,400442,121588,400716,5.9803117319345844e-12,1.5953034449012193e-09,7.940293422770139e-10,8.146965324584698e-10
axi_req_o\[ar\]\[addr\][53],axi_req_o\[ar\]\[addr\][53],OUTPUT,0,1,121332,0,121356,334,5.902040141336773e-12,1.7747097125209166e-09,6.16873052639022e-10,6.352903203499238e-10
axi_req_o\[ar\]\[addr\][54],axi_req_o\[ar\]\[addr\][54],OUTPUT,0,1,121332,400382,121356,400716,5.902040141336773e-12,1.5954041421295528e-09,7.940061386157993e-10,8.145958352301363e-10
axi_req_o\[ar\]\[addr\][55],axi_req_o\[ar\]\[addr\][55],OUTPUT,0,1,121524,0,121548,334,5.9803117319345844e-12,1.6120853540968483e-09,7.794714873554653e-10,7.979146232628409e-10
axi_req_o\[ar\]\[addr\][56],axi_req_o\[ar\]\[addr\][56],OUTPUT,0,1,121524,400382,121548,400716,6.5258701220649584e-12,1.9796559946883008e-09,4.3034406593811525e-10,4.101556039248777e-10
axi_req_o\[ar\]\[addr\][57],axi_req_o\[ar\]\[addr\][57],OUTPUT,0,1,400706,121384,401040,121408,6.5258701220649584e-12,1.9796559946883008e-09,4.3034406593811525e-10,4.101556039248777e-10
axi_req_o\[ar\]\[addr\][58],axi_req_o\[ar\]\[addr\][58],OUTPUT,0,1,0,121384,334,121408,6.5258701220649584e-12,1.9796559946883008e-09,4.3034406593811525e-10,4.101556039248777e-10
axi_req_o\[ar\]\[addr\][59],axi_req_o\[ar\]\[addr\][59],OUTPUT,0,1,400766,121428,401040,121460,6.5258701220649584e-12,1.9796559946883008e-09,4.3034406593811525e-10,4.101556039248777e-10
axi_req_o\[ar\]\[addr\][5],axi_req_o\[ar\]\[addr\][5],OUTPUT,0,1,121908,0,121932,334,6.297165913715652e-12,1.6637871080860123e-09,7.27227389418772e-10,7.462128137625257e-10
axi_req_o\[ar\]\[addr\][60],axi_req_o\[ar\]\[addr\][60],OUTPUT,0,1,0,121428,274,121460,6.5258701220649584e-12,1.9796559946883008e-09,4.3034406593811525e-10,4.101556039248777e-10
axi_req_o\[ar\]\[addr\][61],axi_req_o\[ar\]\[addr\][61],OUTPUT,0,1,121428,0,121460,274,6.5258701220649584e-12,1.9796559946883008e-09,4.3034406593811525e-10,4.101556039248777e-10
axi_req_o\[ar\]\[addr\][62],axi_req_o\[ar\]\[addr\][62],OUTPUT,0,1,121428,0,121452,334,6.5258701220649584e-12,1.9796559946883008e-09,4.3034406593811525e-10,4.101556039248777e-10
axi_req_o\[ar\]\[addr\][63],axi_req_o\[ar\]\[addr\][63],OUTPUT,0,1,121428,400442,121460,400716,6.5258701220649584e-12,1.9796559946883008e-09,4.3034406593811525e-10,4.101556039248777e-10
axi_req_o\[ar\]\[addr\][6],axi_req_o\[ar\]\[addr\][6],OUTPUT,0,1,121908,400382,121932,400716,1.8602555260094356e-11,1.579988806454935e-09,8.062596146274359e-10,8.300111709047542e-10
axi_req_o\[ar\]\[addr\][7],axi_req_o\[ar\]\[addr\][7],OUTPUT,0,1,400706,121864,401040,121888,6.297165913715652e-12,1.660152348925692e-09,7.31380567220441e-10,7.498476284339972e-10
axi_req_o\[ar\]\[addr\][8],axi_req_o\[ar\]\[addr\][8],OUTPUT,0,1,0,121864,334,121888,6.297165913715652e-12,1.704575147698506e-09,6.745440872535369e-10,7.054248851723344e-10
axi_req_o\[ar\]\[addr\][9],axi_req_o\[ar\]\[addr\][9],OUTPUT,0,1,400766,121812,401040,121844,6.297165913715652e-12,1.6637871080860123e-09,7.254649103671795e-10,7.462128137625257e-10
axi_req_o\[ar\]\[burst\][0],axi_req_o\[ar\]\[burst\][0],OUTPUT,0,1,400766,120916,401040,120948,7.0264718522727865e-12,1.9225505631936812e-09,4.87449414166008e-10,4.725866364907461e-10
axi_req_o\[ar\]\[id\][0],axi_req_o\[ar\]\[id\][0],OUTPUT,0,1,120852,400382,120876,400716,6.5272878248257005e-12,1.7420918041466393e-09,6.527885454410409e-10,6.679081177018986e-10
axi_req_o\[ar\]\[id\][1],axi_req_o\[ar\]\[id\][1],OUTPUT,0,1,122004,0,122028,334,6.5272878248257005e-12,1.7420918041466393e-09,6.527885454410409e-10,6.679081177018986e-10
axi_req_o\[ar\]\[id\][2],axi_req_o\[ar\]\[id\][2],OUTPUT,0,1,122004,400382,122028,400716,8.85396530397875e-12,1.9654935456969724e-09,4.4450643166271675e-10,4.29422608583252e-10
axi_req_o\[ar\]\[id\][3],axi_req_o\[ar\]\[id\][3],OUTPUT,0,1,400766,121940,401040,121972,6.2510717088737344e-12,2.032437995680425e-09,3.775618984125373e-10,3.5970648681882267e-10
axi_req_o\[ar\]\[len\][0],axi_req_o\[ar\]\[len\][0],OUTPUT,0,1,400766,120788,401040,120820,5.688711220835918e-12,1.936116156286971e-09,4.738839320950206e-10,4.603680769932339e-10
axi_req_o\[ar\]\[prot\][0],axi_req_o\[ar\]\[prot\][0],OUTPUT,0,1,122100,0,122124,334,5.394831283089818e-12,2.0107480125375332e-09,3.8277306324552285e-10,3.992518537998535e-10
axi_req_o\[ar\]\[prot\][2],axi_req_o\[ar\]\[prot\][2],OUTPUT,0,1,120788,0,120820,274,6.363588475610804e-12,1.995183795955313e-09,4.010621834638073e-10,4.1481620915995165e-10
axi_req_o\[ar\]\[size\][0],axi_req_o\[ar\]\[size\][0],OUTPUT,0,1,0,120660,274,120692,5.21344122386691e-12,1.6040342387668716e-09,7.861594708558073e-10,8.059656830816664e-10
axi_req_o\[ar\]\[size\][1],axi_req_o\[ar\]\[size\][1],OUTPUT,0,1,122196,0,122228,274,5.171440532747429e-12,1.6807659708462097e-09,7.227628495698468e-10,7.292340065134795e-10
axi_req_o\[ar_valid\],axi_req_o\[ar_valid\],OUTPUT,0,1,125172,400382,125196,400716,5.684080810197667e-12,2.0971349101728265e-09,3.1286501167571146e-10,3.0270586037772773e-10
axi_req_o\[aw\]\[addr\][0],axi_req_o\[aw\]\[addr\][0],OUTPUT,0,1,0,122664,334,122688,5.215280464432315e-12,1.7282592024159271e-09,6.817407749437621e-10,6.603605440247406e-10
axi_req_o\[aw\]\[addr\][10],axi_req_o\[aw\]\[addr\][10],OUTPUT,0,1,120276,0,120300,334,5.2164943371846295e-12,1.7383514627766772e-09,6.716484590718608e-10,6.66660948667186e-10
axi_req_o\[aw\]\[addr\][11],axi_req_o\[aw\]\[addr\][11],OUTPUT,0,1,400766,120276,401040,120308,5.217332642304395e-12,1.7375776373285134e-09,6.72422395542327e-10,6.672585262101904e-10
axi_req_o\[aw\]\[addr\][12],axi_req_o\[aw\]\[addr\][12],OUTPUT,0,1,120276,400442,120308,400716,5.217332642304395e-12,1.7375776373285134e-09,6.72422395542327e-10,6.672585262101904e-10
axi_req_o\[aw\]\[addr\][13],axi_req_o\[aw\]\[addr\][13],OUTPUT,0,1,120276,400382,120300,400716,5.215715446343916e-12,1.7390708872966343e-09,6.709291455742061e-10,6.661303730837176e-10
axi_req_o\[aw\]\[addr\][14],axi_req_o\[aw\]\[addr\][14],OUTPUT,0,1,0,120276,274,120308,5.203866417641256e-12,1.7646579753005653e-09,6.453420020591238e-10,6.22638329783598e-10
axi_req_o\[aw\]\[addr\][15],axi_req_o\[aw\]\[addr\][15],OUTPUT,0,1,122580,0,122612,274,5.215715446343916e-12,1.7390708872966343e-09,6.709291455742061e-10,6.661303730837176e-10
axi_req_o\[aw\]\[addr\][16],axi_req_o\[aw\]\[addr\][16],OUTPUT,0,1,122580,400442,122612,400716,5.215715446343916e-12,1.7390708872966343e-09,6.709291455742061e-10,6.661303730837176e-10
axi_req_o\[aw\]\[addr\][17],axi_req_o\[aw\]\[addr\][17],OUTPUT,0,1,122580,0,122604,334,5.203866417641256e-12,1.7646579753005653e-09,6.453420020591238e-10,6.22638329783598e-10
axi_req_o\[aw\]\[addr\][18],axi_req_o\[aw\]\[addr\][18],OUTPUT,0,1,122580,400382,122604,400716,5.215715446343916e-12,1.7390708872966343e-09,6.709291455742061e-10,6.661303730837176e-10
axi_req_o\[aw\]\[addr\][19],axi_req_o\[aw\]\[addr\][19],OUTPUT,0,1,400706,122504,401040,122528,5.217332642304395e-12,1.7375776373285134e-09,6.72422395542327e-10,6.672585262101904e-10
axi_req_o\[aw\]\[addr\][1],axi_req_o\[aw\]\[addr\][1],OUTPUT,0,1,120180,0,120204,334,5.214499838868125e-12,1.7290640030864779e-09,6.809359187620601e-10,6.598032120663788e-10
axi_req_o\[aw\]\[addr\][20],axi_req_o\[aw\]\[addr\][20],OUTPUT,0,1,0,122504,334,122528,5.76367556112678e-12,1.7704426813480723e-09,6.395573515227682e-10,6.282810938174066e-10
axi_req_o\[aw\]\[addr\][21],axi_req_o\[aw\]\[addr\][21],OUTPUT,0,1,120372,0,120396,334,5.203866417641256e-12,1.7646579753005653e-09,6.453420020591238e-10,6.22638329783598e-10
axi_req_o\[aw\]\[addr\][22],axi_req_o\[aw\]\[addr\][22],OUTPUT,0,1,120372,400382,120396,400716,5.215715446343916e-12,1.7390708872966343e-09,6.709291455742061e-10,6.661303730837176e-10
axi_req_o\[aw\]\[addr\][23],axi_req_o\[aw\]\[addr\][23],OUTPUT,0,1,400766,122452,401040,122484,5.217332642304395e-12,1.7375776373285134e-09,6.72422395542327e-10,6.672585262101904e-10
axi_req_o\[aw\]\[addr\][24],axi_req_o\[aw\]\[addr\][24],OUTPUT,0,1,0,122452,274,122484,5.215715446343916e-12,1.7390708872966343e-09,6.709291455742061e-10,6.661303730837176e-10
axi_req_o\[aw\]\[addr\][25],axi_req_o\[aw\]\[addr\][25],OUTPUT,0,1,122484,0,122508,334,5.217332642304395e-12,1.7375776373285134e-09,6.72422395542327e-10,6.672585262101904e-10
axi_req_o\[aw\]\[addr\][26],axi_req_o\[aw\]\[addr\][26],OUTPUT,0,1,122484,400382,122508,400716,5.203866417641256e-12,1.7646579753005653e-09,6.453420020591238e-10,6.22638329783598e-10
axi_req_o\[aw\]\[addr\][27],axi_req_o\[aw\]\[addr\][27],OUTPUT,0,1,120404,0,120436,274,5.217332642304395e-12,1.7375776373285134e-09,6.72422395542327e-10,6.672585262101904e-10
axi_req_o\[aw\]\[addr\][28],axi_req_o\[aw\]\[addr\][28],OUTPUT,0,1,120404,400442,120436,400716,8.031672549257962e-12,1.8340934326843694e-09,5.716928597188087e-10,5.759065446753198e-10
axi_req_o\[aw\]\[addr\][29],axi_req_o\[aw\]\[addr\][29],OUTPUT,0,1,122452,0,122484,274,5.2164943371846295e-12,1.7383514627766772e-09,6.716484590718608e-10,6.66660948667186e-10
axi_req_o\[aw\]\[addr\][2],axi_req_o\[aw\]\[addr\][2],OUTPUT,0,1,120180,400382,120204,400716,5.214499838868125e-12,1.7290640030864779e-09,6.809359187620601e-10,6.598032120663788e-10
axi_req_o\[aw\]\[addr\][30],axi_req_o\[aw\]\[addr\][30],OUTPUT,0,1,122452,400442,122484,400716,5.203866417641256e-12,1.7646579753005653e-09,6.453420020591238e-10,6.22638329783598e-10
axi_req_o\[aw\]\[addr\][31],axi_req_o\[aw\]\[addr\][31],OUTPUT,0,1,400706,120424,401040,120448,7.981110564103666e-12,1.8320629457946325e-09,5.720408036147262e-10,5.779370870762079e-10
axi_req_o\[aw\]\[addr\][32],axi_req_o\[aw\]\[addr\][32],OUTPUT,0,1,400766,120404,401040,120436,5.76367556112678e-12,1.7704426813480723e-09,6.395573515227682e-10,6.282810938174066e-10
axi_req_o\[aw\]\[addr\][33],axi_req_o\[aw\]\[addr\][33],OUTPUT,0,1,0,120424,334,120448,5.1980945589558125e-12,1.770543933687918e-09,6.394559881606199e-10,6.179697309427468e-10
axi_req_o\[aw\]\[addr\][34],axi_req_o\[aw\]\[addr\][34],OUTPUT,0,1,0,120404,274,120436,5.2164943371846295e-12,1.7383514627766772e-09,6.716484590718608e-10,6.66660948667186e-10
axi_req_o\[aw\]\[addr\][35],axi_req_o\[aw\]\[addr\][35],OUTPUT,0,1,120468,0,120492,334,8.031672549257962e-12,1.816422789957528e-09,5.881098941173946e-10,5.935772429133124e-10
axi_req_o\[aw\]\[addr\][36],axi_req_o\[aw\]\[addr\][36],OUTPUT,0,1,120468,400382,120492,400716,5.2164943371846295e-12,1.7383514627766772e-09,6.716484590718608e-10,6.66660948667186e-10
axi_req_o\[aw\]\[addr\][37],axi_req_o\[aw\]\[addr\][37],OUTPUT,0,1,122388,0,122412,334,7.997533191250739e-12,1.816422789957528e-09,5.881098941173946e-10,5.935772429133124e-10
axi_req_o\[aw\]\[addr\][38],axi_req_o\[aw\]\[addr\][38],OUTPUT,0,1,122388,400382,122412,400716,5.215715446343916e-12,1.7390708872966343e-09,6.709291455742061e-10,6.661303730837176e-10
axi_req_o\[aw\]\[addr\][39],axi_req_o\[aw\]\[addr\][39],OUTPUT,0,1,400706,122344,401040,122368,5.215715446343916e-12,1.7390708872966343e-09,6.709291455742061e-10,6.661303730837176e-10
axi_req_o\[aw\]\[addr\][3],axi_req_o\[aw\]\[addr\][3],OUTPUT,0,1,122676,0,122700,334,6.0661692682928425e-12,1.7979995270422933e-09,5.836497951605679e-10,6.120005058285471e-10
axi_req_o\[aw\]\[addr\][40],axi_req_o\[aw\]\[addr\][40],OUTPUT,0,1,0,122344,334,122368,5.215715446343916e-12,1.7390708872966343e-09,6.709291455742061e-10,6.661303730837176e-10
axi_req_o\[aw\]\[addr\][41],axi_req_o\[aw\]\[addr\][41],OUTPUT,0,1,400766,122324,401040,122356,5.2164943371846295e-12,1.7383514627766772e-09,6.716484590718608e-10,6.66660948667186e-10
axi_req_o\[aw\]\[addr\][42],axi_req_o\[aw\]\[addr\][42],OUTPUT,0,1,0,122324,274,122356,5.215715446343916e-12,1.7390708872966343e-09,6.709291455742061e-10,6.661303730837176e-10
axi_req_o\[aw\]\[addr\][43],axi_req_o\[aw\]\[addr\][43],OUTPUT,0,1,120532,0,120564,274,5.217332642304395e-12,1.7375776373285134e-09,6.72422395542327e-10,6.672585262101904e-10
axi_req_o\[aw\]\[addr\][44],axi_req_o\[aw\]\[addr\][44],OUTPUT,0,1,400766,120532,401040,120564,5.217332642304395e-12,1.7375776373285134e-09,6.72422395542327e-10,6.672585262101904e-10
axi_req_o\[aw\]\[addr\][45],axi_req_o\[aw\]\[addr\][45],OUTPUT,0,1,120532,400442,120564,400716,5.2164943371846295e-12,1.7383514627766772e-09,6.716484590718608e-10,6.66660948667186e-10
axi_req_o\[aw\]\[addr\][46],axi_req_o\[aw\]\[addr\][46],OUTPUT,0,1,0,120532,274,120564,5.217332642304395e-12,1.7375776373285134e-09,6.72422395542327e-10,6.672585262101904e-10
axi_req_o\[aw\]\[addr\][47],axi_req_o\[aw\]\[addr\][47],OUTPUT,0,1,122324,0,122356,274,5.2164943371846295e-12,1.7383514627766772e-09,6.716484590718608e-10,6.66660948667186e-10
axi_req_o\[aw\]\[addr\][48],axi_req_o\[aw\]\[addr\][48],OUTPUT,0,1,122324,400442,122356,400716,5.2164943371846295e-12,1.7383514627766772e-09,6.716484590718608e-10,6.66660948667186e-10
axi_req_o\[aw\]\[addr\][49],axi_req_o\[aw\]\[addr\][49],OUTPUT,0,1,120564,0,120588,334,5.1980945589558125e-12,1.770543933687918e-09,6.394559881606199e-10,6.179697309427468e-10
axi_req_o\[aw\]\[addr\][4],axi_req_o\[aw\]\[addr\][4],OUTPUT,0,1,122676,400382,122700,400716,5.2164943371846295e-12,1.7383514627766772e-09,6.716484590718608e-10,6.66660948667186e-10
axi_req_o\[aw\]\[addr\][50],axi_req_o\[aw\]\[addr\][50],OUTPUT,0,1,120564,400382,120588,400716,5.213774724455167e-12,1.7298121823827728e-09,6.801877949769164e-10,6.59498400334968e-10
axi_req_o\[aw\]\[addr\][51],axi_req_o\[aw\]\[addr\][51],OUTPUT,0,1,122292,0,122316,334,5.217332642304395e-12,1.7375776373285134e-09,6.72422395542327e-10,6.672585262101904e-10
axi_req_o\[aw\]\[addr\][52],axi_req_o\[aw\]\[addr\][52],OUTPUT,0,1,122292,400382,122316,400716,5.2164943371846295e-12,1.7383514627766772e-09,6.716484590718608e-10,6.66660948667186e-10
axi_req_o\[aw\]\[addr\][53],axi_req_o\[aw\]\[addr\][53],OUTPUT,0,1,400706,120584,401040,120608,5.203866417641256e-12,1.7646579753005653e-09,6.453420020591238e-10,6.22638329783598e-10
axi_req_o\[aw\]\[addr\][54],axi_req_o\[aw\]\[addr\][54],OUTPUT,0,1,0,120584,334,120608,5.217332642304395e-12,1.7375776373285134e-09,6.72422395542327e-10,6.672585262101904e-10
axi_req_o\[aw\]\[addr\][55],axi_req_o\[aw\]\[addr\][55],OUTPUT,0,1,400706,122184,401040,122208,5.545426531167186e-12,1.7326051704458223e-09,6.773948069138669e-10,6.730475621274934e-10
axi_req_o\[aw\]\[addr\][56],axi_req_o\[aw\]\[addr\][56],OUTPUT,0,1,400766,122196,401040,122228,6.584244000712447e-12,1.918223802022112e-09,4.91338802977026e-10,4.917761753375771e-10
axi_req_o\[aw\]\[addr\][57],axi_req_o\[aw\]\[addr\][57],OUTPUT,0,1,0,122184,334,122208,6.584244000712447e-12,1.918223802022112e-09,4.91338802977026e-10,4.917761753375771e-10
axi_req_o\[aw\]\[addr\][58],axi_req_o\[aw\]\[addr\][58],OUTPUT,0,1,0,122196,274,122228,6.584244000712447e-12,1.918223802022112e-09,4.91338802977026e-10,4.917761753375771e-10
axi_req_o\[aw\]\[addr\][59],axi_req_o\[aw\]\[addr\][59],OUTPUT,0,1,120660,0,120692,274,6.584244000712447e-12,1.918223802022112e-09,4.91338802977026e-10,4.917761753375771e-10
axi_req_o\[aw\]\[addr\][5],axi_req_o\[aw\]\[addr\][5],OUTPUT,0,1,400766,122580,401040,122612,5.203866417641256e-12,1.7646579753005653e-09,6.453420020591238e-10,6.22638329783598e-10
axi_req_o\[aw\]\[addr\][60],axi_req_o\[aw\]\[addr\][60],OUTPUT,0,1,120660,0,120684,334,6.584244000712447e-12,1.918223802022112e-09,4.91338802977026e-10,4.917761753375771e-10
axi_req_o\[aw\]\[addr\][61],axi_req_o\[aw\]\[addr\][61],OUTPUT,0,1,400766,120660,401040,120692,6.584244000712447e-12,1.918223802022112e-09,4.91338802977026e-10,4.917761753375771e-10
axi_req_o\[aw\]\[addr\][62],axi_req_o\[aw\]\[addr\][62],OUTPUT,0,1,120660,400442,120692,400716,6.584244000712447e-12,1.918223802022112e-09,4.91338802977026e-10,4.917761753375771e-10
axi_req_o\[aw\]\[addr\][63],axi_req_o\[aw\]\[addr\][63],OUTPUT,0,1,120660,400382,120684,400716,6.584244000712447e-12,1.918223802022112e-09,4.91338802977026e-10,4.917761753375771e-10
axi_req_o\[aw\]\[addr\][6],axi_req_o\[aw\]\[addr\][6],OUTPUT,0,1,0,122580,274,122612,5.217332642304395e-12,1.7375776373285134e-09,6.72422395542327e-10,6.672585262101904e-10
axi_req_o\[aw\]\[addr\][7],axi_req_o\[aw\]\[addr\][7],OUTPUT,0,1,400706,120264,401040,120288,5.215715446343916e-12,1.7390708872966343e-09,6.709291455742061e-10,6.661303730837176e-10
axi_req_o\[aw\]\[addr\][8],axi_req_o\[aw\]\[addr\][8],OUTPUT,0,1,0,120264,334,120288,5.2164943371846295e-12,1.7383514627766772e-09,6.716484590718608e-10,6.66660948667186e-10
axi_req_o\[aw\]\[addr\][9],axi_req_o\[aw\]\[addr\][9],OUTPUT,0,1,120276,0,120308,274,5.217332642304395e-12,1.7375776373285134e-09,6.72422395542327e-10,6.672585262101904e-10
axi_req_o\[aw\]\[burst\][0],axi_req_o\[aw\]\[burst\][0],OUTPUT,0,1,0,122708,274,122740,6.083032948883682e-12,1.843086683273043e-09,5.536219815915899e-10,5.669132940866461e-10
axi_req_o\[aw\]\[id\][0],axi_req_o\[aw\]\[id\][0],OUTPUT,0,1,122836,400442,122868,400716,6.5572009627645755e-12,1.8454223704722494e-09,5.513861034422973e-10,5.645776068874397e-10
axi_req_o\[aw\]\[id\][1],axi_req_o\[aw\]\[id\][1],OUTPUT,0,1,120084,0,120108,334,6.5572009627645755e-12,1.8454223704722494e-09,5.513861034422973e-10,5.645776068874397e-10
axi_req_o\[aw\]\[id\][2],axi_req_o\[aw\]\[id\][2],OUTPUT,0,1,120084,400382,120108,400716,8.573865575844941e-12,1.9595929323656947e-09,4.4797943132834916e-10,4.50407156016297e-10
axi_req_o\[aw\]\[id\][3],axi_req_o\[aw\]\[id\][3],OUTPUT,0,1,122772,0,122796,334,5.5369138093896986e-12,2.0113390952758436e-09,3.9866090983942115e-10,3.9620567937603823e-10
axi_req_o\[aw\]\[len\][0],axi_req_o\[aw\]\[len\][0],OUTPUT,0,1,400766,122836,401040,122868,6.202479068545541e-12,1.849623454397431e-09,5.603765229622582e-10,5.55707702076802e-10
axi_req_o\[aw\]\[size\][0],axi_req_o\[aw\]\[size\][0],OUTPUT,0,1,119892,400442,119924,400716,5.213774724455167e-12,1.7298121823827728e-09,6.801877949769164e-10,6.595682888743681e-10
axi_req_o\[aw\]\[size\][1],axi_req_o\[aw\]\[size\][1],OUTPUT,0,1,119892,400382,119916,400716,5.213774724455167e-12,1.7298121823827728e-09,6.801877949769164e-10,6.595682888743681e-10
axi_req_o\[aw_valid\],axi_req_o\[aw_valid\],OUTPUT,0,1,117684,0,117708,334,8.017437408414096e-12,2.088843098491111e-09,3.158839856354234e-10,3.211568511130025e-10
axi_req_o\[b_ready\],axi_req_o\[b_ready\],OUTPUT,0,1,0,125140,274,125172,5.4785091394005114e-12,2.193869974576046e-09,2.1612997502806763e-10,2.1427183638511593e-10
axi_req_o\[r_ready\],axi_req_o\[r_ready\],OUTPUT,0,1,400706,117704,401040,117728,6.100012422266543e-12,2.201994364625648e-09,1.963586654385452e-10,2.0800569600076813e-10
axi_req_o\[w\]\[data\][0],axi_req_o\[w\]\[data\][0],OUTPUT,0,1,0,119380,274,119412,2.457316121418085e-11,1.5706150824357223e-09,8.393848949239668e-10,8.266244910792864e-10
axi_req_o\[w\]\[data\][10],axi_req_o\[w\]\[data\][10],OUTPUT,0,1,0,123348,274,123380,2.791485965991658e-11,1.5741763448318125e-09,8.35823688039028e-10,8.291400899196333e-10
axi_req_o\[w\]\[data\][11],axi_req_o\[w\]\[data\][11],OUTPUT,0,1,119508,0,119540,274,2.6800457686437795e-11,1.5914782824921758e-09,8.185216948675134e-10,8.104675819353702e-10
axi_req_o\[w\]\[data\][12],axi_req_o\[w\]\[data\][12],OUTPUT,0,1,119508,0,119532,334,3.0242246207290435e-11,1.571898722296794e-09,8.381012550628952e-10,8.24473878058285e-10
axi_req_o\[w\]\[data\][13],axi_req_o\[w\]\[data\][13],OUTPUT,0,1,400766,119508,401040,119540,3.24616340752204e-11,1.571965002611364e-09,8.380349747483251e-10,8.14571021745536e-10
axi_req_o\[w\]\[data\][14],axi_req_o\[w\]\[data\][14],OUTPUT,0,1,119508,400442,119540,400716,3.0242246207290435e-11,1.5729670899133907e-09,8.370328874462984e-10,8.155169872736678e-10
axi_req_o\[w\]\[data\][15],axi_req_o\[w\]\[data\][15],OUTPUT,0,1,119508,400382,119532,400716,2.457316121418085e-11,1.5727337210336145e-09,8.372663118372259e-10,8.341223822760924e-10
axi_req_o\[w\]\[data\][16],axi_req_o\[w\]\[data\][16],OUTPUT,0,1,0,119508,274,119540,2.6800457686437795e-11,1.5678653930706332e-09,8.421345287779047e-10,8.26552382093837e-10
axi_req_o\[w\]\[data\][17],axi_req_o\[w\]\[data\][17],OUTPUT,0,1,123348,0,123380,274,6.231646709070615e-12,1.5698047306500484e-09,8.401951911984895e-10,8.295948372705197e-10
axi_req_o\[w\]\[data\][18],axi_req_o\[w\]\[data\][18],OUTPUT,0,1,123348,400442,123380,400716,3.24616340752204e-11,1.5746328685395383e-09,8.353671088201509e-10,8.243384863604319e-10
axi_req_o\[w\]\[data\][19],axi_req_o\[w\]\[data\][19],OUTPUT,0,1,123348,0,123372,334,3.24616340752204e-11,1.587419751203356e-09,8.225801706451819e-10,8.108319571320521e-10
axi_req_o\[w\]\[data\][1],axi_req_o\[w\]\[data\][1],OUTPUT,0,1,123476,0,123508,274,5.965220505055324e-12,1.5695569288709521e-09,8.404431039998883e-10,8.3285223162477e-10
axi_req_o\[w\]\[data\][20],axi_req_o\[w\]\[data\][20],OUTPUT,0,1,123348,400382,123372,400716,2.791485965991658e-11,1.5737871006393789e-09,8.362128767203103e-10,8.248341454297758e-10
axi_req_o\[w\]\[data\][21],axi_req_o\[w\]\[data\][21],OUTPUT,0,1,400706,123304,401040,123328,3.0242246207290435e-11,1.5739036740569645e-09,8.360963033027247e-10,8.155341957305495e-10
axi_req_o\[w\]\[data\][22],axi_req_o\[w\]\[data\][22],OUTPUT,0,1,0,123304,334,123328,2.6800457686437795e-11,1.5749447301871555e-09,8.350552471725337e-10,8.157079456339034e-10
axi_req_o\[w\]\[data\][23],axi_req_o\[w\]\[data\][23],OUTPUT,0,1,119604,0,119628,334,2.5686053978235535e-11,1.5769701100509792e-09,8.330298117975588e-10,8.290080288908541e-10
axi_req_o\[w\]\[data\][24],axi_req_o\[w\]\[data\][24],OUTPUT,0,1,119604,400382,119628,400716,3.24616340752204e-11,1.5658849772393069e-09,8.441150001203823e-10,8.327645795169758e-10
axi_req_o\[w\]\[data\][25],axi_req_o\[w\]\[data\][25],OUTPUT,0,1,400766,123220,401040,123252,6.360173672448344e-12,1.5685597265502338e-09,8.414401952983042e-10,8.327107892114327e-10
axi_req_o\[w\]\[data\][26],axi_req_o\[w\]\[data\][26],OUTPUT,0,1,0,123220,274,123252,3.0242246207290435e-11,1.5724823665408394e-09,8.37517666330001e-10,8.143626328838138e-10
axi_req_o\[w\]\[data\][27],axi_req_o\[w\]\[data\][27],OUTPUT,0,1,123252,0,123276,334,5.965220505055324e-12,1.5681862475247499e-09,8.418137853460905e-10,8.298554621255505e-10
axi_req_o\[w\]\[data\][28],axi_req_o\[w\]\[data\][28],OUTPUT,0,1,123252,400382,123276,400716,2.5686053978235535e-11,1.5666272723535712e-09,8.433727050061179e-10,8.190447764455655e-10
axi_req_o\[w\]\[data\][29],axi_req_o\[w\]\[data\][29],OUTPUT,0,1,400706,119624,401040,119648,3.24616340752204e-11,1.5772985140216633e-09,8.327015188491771e-10,8.116456950979511e-10
axi_req_o\[w\]\[data\][2],axi_req_o\[w\]\[data\][2],OUTPUT,0,1,123476,400442,123508,400716,2.5686053978235535e-11,1.5735960312568409e-09,8.364039461028483e-10,8.154240060953555e-10
axi_req_o\[w\]\[data\][30],axi_req_o\[w\]\[data\][30],OUTPUT,0,1,0,119624,334,119648,2.6800457686437795e-11,1.5738260694675432e-09,8.36173907892146e-10,8.153481778627736e-10
axi_req_o\[w\]\[data\][31],axi_req_o\[w\]\[data\][31],OUTPUT,0,1,119636,0,119668,274,3.0242246207290435e-11,1.5729111346729496e-09,8.370888426867396e-10,8.316154986864888e-10
axi_req_o\[w\]\[data\][32],axi_req_o\[w\]\[data\][32],OUTPUT,0,1,400766,119636,401040,119668,2.791485965991658e-11,1.5714036738501136e-09,8.385962479984244e-10,8.271731632980561e-10
axi_req_o\[w\]\[data\][33],axi_req_o\[w\]\[data\][33],OUTPUT,0,1,119636,400442,119668,400716,3.0242246207290435e-11,1.5914121131999082e-09,8.18587864159781e-10,8.032629561505189e-10
axi_req_o\[w\]\[data\][34],axi_req_o\[w\]\[data\][34],OUTPUT,0,1,0,119636,274,119668,2.791485965991658e-11,1.5680762244230095e-09,8.419237529366796e-10,8.137543416886217e-10
axi_req_o\[w\]\[data\][35],axi_req_o\[w\]\[data\][35],OUTPUT,0,1,123220,0,123252,274,2.791485965991658e-11,1.5894703331298388e-09,8.205296442298504e-10,8.020816788523177e-10
axi_req_o\[w\]\[data\][36],axi_req_o\[w\]\[data\][36],OUTPUT,0,1,123220,400442,123252,400716,2.791485965991658e-11,1.5682989351617493e-09,8.417010421979398e-10,8.230326420388678e-10
axi_req_o\[w\]\[data\][37],axi_req_o\[w\]\[data\][37],OUTPUT,0,1,400706,123144,401040,123168,6.030385826111262e-12,1.569909757748178e-09,8.4009016410036e-10,8.259336548022134e-10
axi_req_o\[w\]\[data\][38],axi_req_o\[w\]\[data\][38],OUTPUT,0,1,0,123144,334,123168,2.791485965991658e-11,1.573182251135563e-09,8.368176707129749e-10,8.201900825177688e-10
axi_req_o\[w\]\[data\][39],axi_req_o\[w\]\[data\][39],OUTPUT,0,1,119700,0,119724,334,2.5686053978235535e-11,1.5751915327655297e-09,8.325026223943155e-10,8.348085001053107e-10
axi_req_o\[w\]\[data\][3],axi_req_o\[w\]\[data\][3],OUTPUT,0,1,119412,0,119436,334,3.24616340752204e-11,1.587949993719917e-09,8.220500391509233e-10,8.104555915267042e-10
axi_req_o\[w\]\[data\][40],axi_req_o\[w\]\[data\][40],OUTPUT,0,1,119700,400382,119724,400716,5.699955264726331e-12,1.569246510513267e-09,8.40753411335271e-10,8.243890570192036e-10
axi_req_o\[w\]\[data\][41],axi_req_o\[w\]\[data\][41],OUTPUT,0,1,123156,0,123180,334,2.791485965991658e-11,1.5886809645593303e-09,8.213189572892077e-10,8.019769848210956e-10
axi_req_o\[w\]\[data\][42],axi_req_o\[w\]\[data\][42],OUTPUT,0,1,123156,400382,123180,400716,5.900143221215792e-12,1.5716115076003234e-09,8.383884697593658e-10,8.253474570452113e-10
axi_req_o\[w\]\[data\][43],axi_req_o\[w\]\[data\][43],OUTPUT,0,1,400766,123092,401040,123124,3.0242246207290435e-11,1.5937849928704395e-09,8.162149844892497e-10,8.061636913581083e-10
axi_req_o\[w\]\[data\][44],axi_req_o\[w\]\[data\][44],OUTPUT,0,1,0,123092,274,123124,3.24616340752204e-11,1.5696246524754542e-09,8.403753803953862e-10,8.267245221738051e-10
axi_req_o\[w\]\[data\][45],axi_req_o\[w\]\[data\][45],OUTPUT,0,1,119764,0,119796,274,3.24616340752204e-11,1.5723898849628881e-09,8.376100923968011e-10,8.207031720885993e-10
axi_req_o\[w\]\[data\][46],axi_req_o\[w\]\[data\][46],OUTPUT,0,1,119764,400442,119796,400716,3.0242246207290435e-11,1.574174568474973e-09,8.358254643958674e-10,8.146685548382493e-10
axi_req_o\[w\]\[data\][47],axi_req_o\[w\]\[data\][47],OUTPUT,0,1,123092,0,123124,274,3.24616340752204e-11,1.5710873713103979e-09,8.389126060492913e-10,8.379721361251313e-10
axi_req_o\[w\]\[data\][48],axi_req_o\[w\]\[data\][48],OUTPUT,0,1,123092,400442,123124,400716,3.24616340752204e-11,1.5721026702664176e-09,8.378973070932716e-10,8.208200785730924e-10
axi_req_o\[w\]\[data\][49],axi_req_o\[w\]\[data\][49],OUTPUT,0,1,400706,119784,401040,119808,3.24616340752204e-11,1.5918267814996057e-09,8.181731958600835e-10,8.070327739417849e-10
axi_req_o\[w\]\[data\][4],axi_req_o\[w\]\[data\][4],OUTPUT,0,1,119412,400382,119436,400716,2.457316121418085e-11,1.5700122313333509e-09,8.399877460263383e-10,8.252862282454032e-10
axi_req_o\[w\]\[data\][50],axi_req_o\[w\]\[data\][50],OUTPUT,0,1,400766,119764,401040,119796,2.6800457686437795e-11,1.5715322376763652e-09,8.384676841721728e-10,8.272761919947413e-10
axi_req_o\[w\]\[data\][51],axi_req_o\[w\]\[data\][51],OUTPUT,0,1,0,119784,334,119808,3.24616340752204e-11,1.5932662966733346e-09,8.167336806863545e-10,8.06702038502749e-10
axi_req_o\[w\]\[data\][52],axi_req_o\[w\]\[data\][52],OUTPUT,0,1,0,119764,274,119796,5.699955264726331e-12,1.569246510513267e-09,8.40753411335271e-10,8.203664969563818e-10
axi_req_o\[w\]\[data\][53],axi_req_o\[w\]\[data\][53],OUTPUT,0,1,119796,0,119820,334,3.0242246207290435e-11,1.5772452233164813e-09,8.327547540432079e-10,8.203422385832937e-10
axi_req_o\[w\]\[data\][54],axi_req_o\[w\]\[data\][54],OUTPUT,0,1,119796,400382,119820,400716,2.5686053978235535e-11,1.5764609617718861e-09,8.335390155878031e-10,8.11620937124502e-10
axi_req_o\[w\]\[data\][55],axi_req_o\[w\]\[data\][55],OUTPUT,0,1,123060,0,123084,334,2.457316121418085e-11,1.566626273152849e-09,8.433737042068401e-10,8.291368702728619e-10
axi_req_o\[w\]\[data\][56],axi_req_o\[w\]\[data\][56],OUTPUT,0,1,123060,400382,123084,400716,2.6800457686437795e-11,1.5683858656245775e-09,8.416140562239605e-10,8.32182767140921e-10
axi_req_o\[w\]\[data\][57],axi_req_o\[w\]\[data\][57],OUTPUT,0,1,400706,122984,401040,123008,5.900143221215792e-12,1.5679533227341835e-09,8.420465991143544e-10,8.309790633376224e-10
axi_req_o\[w\]\[data\][58],axi_req_o\[w\]\[data\][58],OUTPUT,0,1,0,122984,334,123008,2.457316121418085e-11,1.5738153003042044e-09,8.361846770554848e-10,8.296313080968787e-10
axi_req_o\[w\]\[data\][59],axi_req_o\[w\]\[data\][59],OUTPUT,0,1,400766,122964,401040,122996,6.0955511471672e-12,1.5708558898097635e-09,8.391440875499256e-10,8.305161558475049e-10
axi_req_o\[w\]\[data\][5],axi_req_o\[w\]\[data\][5],OUTPUT,0,1,123444,0,123468,334,2.6800457686437795e-11,1.5695715838148772e-09,8.404283380336608e-10,8.255072736496061e-10
axi_req_o\[w\]\[data\][60],axi_req_o\[w\]\[data\][60],OUTPUT,0,1,0,122964,274,122996,2.457316121418085e-11,1.5729775260098222e-09,8.370223958387157e-10,8.236227810876073e-10
axi_req_o\[w\]\[data\][61],axi_req_o\[w\]\[data\][61],OUTPUT,0,1,119892,0,119924,274,2.5686053978235535e-11,1.5680017284580572e-09,8.41998248901632e-10,8.179673050001668e-10
axi_req_o\[w\]\[data\][62],axi_req_o\[w\]\[data\][62],OUTPUT,0,1,119892,0,119916,334,3.0242246207290435e-11,1.5742198655743778e-09,8.357801672964627e-10,8.244265270462847e-10
axi_req_o\[w\]\[data\][63],axi_req_o\[w\]\[data\][63],OUTPUT,0,1,400766,119892,401040,119924,3.0242246207290435e-11,1.5713080836476934e-09,8.369768211835549e-10,8.386918937119958e-10
axi_req_o\[w\]\[data\][6],axi_req_o\[w\]\[data\][6],OUTPUT,0,1,123444,400382,123468,400716,2.6800457686437795e-11,1.5673611297728485e-09,8.426388475868407e-10,8.160190301254033e-10
axi_req_o\[w\]\[data\][7],axi_req_o\[w\]\[data\][7],OUTPUT,0,1,400706,119464,401040,119488,1.5036012365743368e-11,1.5715957424333737e-09,8.384041794151642e-10,8.221404113051278e-10
axi_req_o\[w\]\[data\][8],axi_req_o\[w\]\[data\][8],OUTPUT,0,1,0,119464,334,119488,2.791485965991658e-11,1.5708638834155408e-09,8.391360384329971e-10,8.199204093450874e-10
axi_req_o\[w\]\[data\][9],axi_req_o\[w\]\[data\][9],OUTPUT,0,1,400766,123348,401040,123380,3.24616340752204e-11,1.5932659636064272e-09,8.167339582421107e-10,8.093937742259527e-10
axi_req_o\[w\]\[last\],axi_req_o\[w\]\[last\],OUTPUT,0,1,117684,400382,117708,400716,5.160676573578993e-12,2.0345456430703734e-09,3.5267222475710014e-10,3.754543065337401e-10
axi_req_o\[w\]\[strb\][0],axi_req_o\[w\]\[strb\][0],OUTPUT,0,1,123540,400382,123564,400716,5.541040282858178e-12,1.8933350443006702e-09,5.147968162866334e-10,5.166648775478677e-10
axi_req_o\[w\]\[strb\][1],axi_req_o\[w\]\[strb\][1],OUTPUT,0,1,400706,123464,401040,123488,5.480139345787061e-12,1.8839543258764024e-09,5.115857182325101e-10,5.260457625055892e-10
axi_req_o\[w\]\[strb\][2],axi_req_o\[w\]\[strb\][2],OUTPUT,0,1,400766,123476,401040,123508,5.684658039434298e-12,1.8883934416180637e-09,5.150986304158778e-10,5.216065357416255e-10
axi_req_o\[w\]\[strb\][3],axi_req_o\[w\]\[strb\][3],OUTPUT,0,1,0,123464,334,123488,5.611540312283614e-12,1.8926320510814776e-09,5.173679262782116e-10,5.139668690645749e-10
axi_req_o\[w\]\[strb\][4],axi_req_o\[w\]\[strb\][4],OUTPUT,0,1,0,123476,274,123508,5.671078190383483e-12,1.8629551234994324e-09,5.361661115088623e-10,5.470447983491056e-10
axi_req_o\[w\]\[strb\][5],axi_req_o\[w\]\[strb\][5],OUTPUT,0,1,119380,0,119412,274,5.398286852253964e-12,1.869184806935209e-09,5.352395193725101e-10,5.408151704244801e-10
axi_req_o\[w\]\[strb\][6],axi_req_o\[w\]\[strb\][6],OUTPUT,0,1,400766,119380,401040,119412,5.671078190383483e-12,1.8625022635276878e-09,5.361661115088623e-10,5.474977138320014e-10
axi_req_o\[w\]\[strb\][7],axi_req_o\[w\]\[strb\][7],OUTPUT,0,1,119380,400442,119412,400716,5.492444173083033e-12,1.869196353254665e-09,5.356901033870543e-10,5.408035685938728e-10
axi_req_o\[w_valid\],axi_req_o\[w_valid\],OUTPUT,0,1,400766,125140,401040,125172,7.346073402358932e-12,2.100897678047886e-09,2.97957575279284e-10,3.0910218828950065e-10
axi_resp_i\[ar_ready\],axi_resp_i\[ar_ready\],INPUT,1,0,125268,0,125300,274,4.500000025386974e-11,1.759244749877098e-09,9.000000050773949e-11,9.000000050773949e-11
axi_resp_i\[aw_ready\],axi_resp_i\[aw_ready\],INPUT,1,0,0,117588,274,117620,4.500000025386974e-11,1.794908222052527e-09,9.000000050773949e-11,9.000000050773949e-11
axi_resp_i\[b\]\[id\][0],axi_resp_i\[b\]\[id\][0],INPUT,1,0,0,119304,334,119328,4.500000025386974e-11,1.66376445953631e-09,9.000000050773949e-11,9.000000050773949e-11
axi_resp_i\[b\]\[id\][1],axi_resp_i\[b\]\[id\][1],INPUT,1,0,119316,0,119340,334,4.500000025386974e-11,1.6620667064870531e-09,9.000000050773949e-11,9.000000050773949e-11
axi_resp_i\[b\]\[id\][2],axi_resp_i\[b\]\[id\][2],INPUT,1,0,119316,400382,119340,400716,4.500000025386974e-11,1.648832070877404e-09,9.000000050773949e-11,9.000000050773949e-11
axi_resp_i\[b\]\[id\][3],axi_resp_i\[b\]\[id\][3],INPUT,1,0,123540,0,123564,334,4.500000025386974e-11,1.6835485228128277e-09,9.000000050773949e-11,9.000000050773949e-11
axi_resp_i\[b\]\[resp\][0],axi_resp_i\[b\]\[resp\][0],INPUT,1,0,123604,400442,123636,400716,4.500000025386974e-11,-9.000000050773949e-11,9.000000050773949e-11,9.000000050773949e-11
axi_resp_i\[b\]\[resp\][1],axi_resp_i\[b\]\[resp\][1],INPUT,1,0,400706,119304,401040,119328,4.500000025386974e-11,-9.000000050773949e-11,9.000000050773949e-11,9.000000050773949e-11
axi_resp_i\[b_valid\],axi_resp_i\[b_valid\],INPUT,1,0,125268,0,125292,334,4.500000025386974e-11,1.7014575304230561e-09,9.000000050773949e-11,9.000000050773949e-11
axi_resp_i\[r\]\[data\][0],axi_resp_i\[r\]\[data\][0],INPUT,1,0,124116,400382,124140,400716,4.500000025386974e-11,2.211122840378721e-09,9.000000050773949e-11,9.000000050773949e-11
axi_resp_i\[r\]\[data\][10],axi_resp_i\[r\]\[data\][10],INPUT,1,0,400766,118868,401040,118900,4.500000025386974e-11,2.211122840378721e-09,9.000000050773949e-11,9.000000050773949e-11
axi_resp_i\[r\]\[data\][11],axi_resp_i\[r\]\[data\][11],INPUT,1,0,118868,400442,118900,400716,4.500000025386974e-11,2.2008337374757048e-09,9.000000050773949e-11,9.000000050773949e-11
axi_resp_i\[r\]\[data\][12],axi_resp_i\[r\]\[data\][12],INPUT,1,0,0,118868,274,118900,4.500000025386974e-11,2.2181874115290157e-09,9.000000050773949e-11,9.000000050773949e-11
axi_resp_i\[r\]\[data\][13],axi_resp_i\[r\]\[data\][13],INPUT,1,0,123988,0,124020,274,4.500000025386974e-11,2.2008337374757048e-09,9.000000050773949e-11,9.000000050773949e-11
axi_resp_i\[r\]\[data\][14],axi_resp_i\[r\]\[data\][14],INPUT,1,0,123988,400442,124020,400716,4.500000025386974e-11,2.2181874115290157e-09,9.000000050773949e-11,9.000000050773949e-11
axi_resp_i\[r\]\[data\][15],axi_resp_i\[r\]\[data\][15],INPUT,1,0,400706,123944,401040,123968,4.500000025386974e-11,2.1118073956216676e-09,9.000000050773949e-11,9.000000050773949e-11
axi_resp_i\[r\]\[data\][16],axi_resp_i\[r\]\[data\][16],INPUT,1,0,0,123944,334,123968,4.500000025386974e-11,2.2101998009560475e-09,9.000000050773949e-11,9.000000050773949e-11
axi_resp_i\[r\]\[data\][17],axi_resp_i\[r\]\[data\][17],INPUT,1,0,118932,0,118956,334,4.500000025386974e-11,2.2254686982137173e-09,9.000000050773949e-11,9.000000050773949e-11
axi_resp_i\[r\]\[data\][18],axi_resp_i\[r\]\[data\][18],INPUT,1,0,118932,400382,118956,400716,4.500000025386974e-11,2.2254686982137173e-09,9.000000050773949e-11,9.000000050773949e-11
axi_resp_i\[r\]\[data\][19],axi_resp_i\[r\]\[data\][19],INPUT,1,0,123924,0,123948,334,4.500000025386974e-11,2.2254686982137173e-09,9.000000050773949e-11,9.000000050773949e-11
axi_resp_i\[r\]\[data\][1],axi_resp_i\[r\]\[data\][1],INPUT,1,0,400706,118824,401040,118848,4.500000025386974e-11,2.2008337374757048e-09,9.000000050773949e-11,9.000000050773949e-11
axi_resp_i\[r\]\[data\][20],axi_resp_i\[r\]\[data\][20],INPUT,1,0,123924,400382,123948,400716,4.500000025386974e-11,2.2254686982137173e-09,9.000000050773949e-11,9.000000050773949e-11
axi_resp_i\[r\]\[data\][21],axi_resp_i\[r\]\[data\][21],INPUT,1,0,400766,123860,401040,123892,4.500000025386974e-11,2.2254686982137173e-09,9.000000050773949e-11,9.000000050773949e-11
axi_resp_i\[r\]\[data\][22],axi_resp_i\[r\]\[data\][22],INPUT,1,0,0,123860,274,123892,4.500000025386974e-11,2.2254686982137173e-09,9.000000050773949e-11,9.000000050773949e-11
axi_resp_i\[r\]\[data\][23],axi_resp_i\[r\]\[data\][23],INPUT,1,0,400706,118984,401040,119008,4.500000025386974e-11,2.10627604246838e-09,9.000000050773949e-11,9.000000050773949e-11
axi_resp_i\[r\]\[data\][24],axi_resp_i\[r\]\[data\][24],INPUT,1,0,0,118984,334,119008,4.500000025386974e-11,2.2254686982137173e-09,9.000000050773949e-11,9.000000050773949e-11
axi_resp_i\[r\]\[data\][25],axi_resp_i\[r\]\[data\][25],INPUT,1,0,118996,0,119028,274,4.500000025386974e-11,2.2254686982137173e-09,9.000000050773949e-11,9.000000050773949e-11
axi_resp_i\[r\]\[data\][26],axi_resp_i\[r\]\[data\][26],INPUT,1,0,400766,118996,401040,119028,4.500000025386974e-11,2.2254686982137173e-09,9.000000050773949e-11,9.000000050773949e-11
axi_resp_i\[r\]\[data\][27],axi_resp_i\[r\]\[data\][27],INPUT,1,0,118996,400442,119028,400716,4.500000025386974e-11,2.2254686982137173e-09,9.000000050773949e-11,9.000000050773949e-11
axi_resp_i\[r\]\[data\][28],axi_resp_i\[r\]\[data\][28],INPUT,1,0,0,118996,274,119028,4.500000025386974e-11,2.2254686982137173e-09,9.000000050773949e-11,9.000000050773949e-11
axi_resp_i\[r\]\[data\][29],axi_resp_i\[r\]\[data\][29],INPUT,1,0,123860,0,123892,274,4.500000025386974e-11,2.2254686982137173e-09,9.000000050773949e-11,9.000000050773949e-11
axi_resp_i\[r\]\[data\][2],axi_resp_i\[r\]\[data\][2],INPUT,1,0,0,118824,334,118848,4.500000025386974e-11,2.211122840378721e-09,9.000000050773949e-11,9.000000050773949e-11
axi_resp_i\[r\]\[data\][30],axi_resp_i\[r\]\[data\][30],INPUT,1,0,123860,400442,123892,400716,4.500000025386974e-11,2.2254686982137173e-09,9.000000050773949e-11,9.000000050773949e-11
axi_resp_i\[r\]\[data\][31],axi_resp_i\[r\]\[data\][31],INPUT,1,0,119028,0,119052,334,4.500000025386974e-11,2.075257521383378e-09,9.000000050773949e-11,9.000000050773949e-11
axi_resp_i\[r\]\[data\][32],axi_resp_i\[r\]\[data\][32],INPUT,1,0,119028,400382,119052,400716,4.500000025386974e-11,2.2117658815545838e-09,9.000000050773949e-11,9.000000050773949e-11
axi_resp_i\[r\]\[data\][33],axi_resp_i\[r\]\[data\][33],INPUT,1,0,123828,0,123852,334,4.500000025386974e-11,2.2177939484890885e-09,9.000000050773949e-11,9.000000050773949e-11
axi_resp_i\[r\]\[data\][34],axi_resp_i\[r\]\[data\][34],INPUT,1,0,123828,400382,123852,400716,4.500000025386974e-11,2.2101969143761835e-09,9.000000050773949e-11,9.000000050773949e-11
axi_resp_i\[r\]\[data\][35],axi_resp_i\[r\]\[data\][35],INPUT,1,0,400706,123784,401040,123808,4.500000025386974e-11,2.2153436862737408e-09,9.000000050773949e-11,9.000000050773949e-11
axi_resp_i\[r\]\[data\][36],axi_resp_i\[r\]\[data\][36],INPUT,1,0,0,123784,334,123808,4.500000025386974e-11,2.2101998009560475e-09,9.000000050773949e-11,9.000000050773949e-11
axi_resp_i\[r\]\[data\][37],axi_resp_i\[r\]\[data\][37],INPUT,1,0,400766,123732,401040,123764,4.500000025386974e-11,2.2008337374757048e-09,9.000000050773949e-11,9.000000050773949e-11
axi_resp_i\[r\]\[data\][38],axi_resp_i\[r\]\[data\][38],INPUT,1,0,0,123732,274,123764,4.500000025386974e-11,2.2181880776628304e-09,9.000000050773949e-11,9.000000050773949e-11
axi_resp_i\[r\]\[data\][39],axi_resp_i\[r\]\[data\][39],INPUT,1,0,119124,0,119156,274,4.500000025386974e-11,2.0903434538865895e-09,9.000000050773949e-11,9.000000050773949e-11
axi_resp_i\[r\]\[data\][3],axi_resp_i\[r\]\[data\][3],INPUT,1,0,118836,0,118860,334,4.500000025386974e-11,2.2008337374757048e-09,9.000000050773949e-11,9.000000050773949e-11
axi_resp_i\[r\]\[data\][40],axi_resp_i\[r\]\[data\][40],INPUT,1,0,119124,0,119148,334,4.500000025386974e-11,2.2101998009560475e-09,9.000000050773949e-11,9.000000050773949e-11
axi_resp_i\[r\]\[data\][41],axi_resp_i\[r\]\[data\][41],INPUT,1,0,119124,400442,119156,400716,4.500000025386974e-11,2.2254686982137173e-09,9.000000050773949e-11,9.000000050773949e-11
axi_resp_i\[r\]\[data\][42],axi_resp_i\[r\]\[data\][42],INPUT,1,0,119124,400382,119148,400716,4.500000025386974e-11,2.2254686982137173e-09,9.000000050773949e-11,9.000000050773949e-11
axi_resp_i\[r\]\[data\][43],axi_resp_i\[r\]\[data\][43],INPUT,1,0,123732,0,123764,274,4.500000025386974e-11,2.2101998009560475e-09,9.000000050773949e-11,9.000000050773949e-11
axi_resp_i\[r\]\[data\][44],axi_resp_i\[r\]\[data\][44],INPUT,1,0,123732,400442,123764,400716,4.500000025386974e-11,2.2254686982137173e-09,9.000000050773949e-11,9.000000050773949e-11
axi_resp_i\[r\]\[data\][45],axi_resp_i\[r\]\[data\][45],INPUT,1,0,123732,0,123756,334,4.500000025386974e-11,2.2254686982137173e-09,9.000000050773949e-11,9.000000050773949e-11
axi_resp_i\[r\]\[data\][46],axi_resp_i\[r\]\[data\][46],INPUT,1,0,123732,400382,123756,400716,4.500000025386974e-11,2.2254686982137173e-09,9.000000050773949e-11,9.000000050773949e-11
axi_resp_i\[r\]\[data\][47],axi_resp_i\[r\]\[data\][47],INPUT,1,0,400706,119144,401040,119168,4.500000025386974e-11,2.104810992165085e-09,9.000000050773949e-11,9.000000050773949e-11
axi_resp_i\[r\]\[data\][48],axi_resp_i\[r\]\[data\][48],INPUT,1,0,400766,119124,401040,119156,4.500000025386974e-11,2.2224788676084017e-09,9.000000050773949e-11,9.000000050773949e-11
axi_resp_i\[r\]\[data\][49],axi_resp_i\[r\]\[data\][49],INPUT,1,0,0,119144,334,119168,4.500000025386974e-11,2.2199704297065637e-09,9.000000050773949e-11,9.000000050773949e-11
axi_resp_i\[r\]\[data\][4],axi_resp_i\[r\]\[data\][4],INPUT,1,0,118836,400382,118860,400716,4.500000025386974e-11,2.211122840378721e-09,9.000000050773949e-11,9.000000050773949e-11
axi_resp_i\[r\]\[data\][50],axi_resp_i\[r\]\[data\][50],INPUT,1,0,0,119124,274,119156,4.500000025386974e-11,2.2254686982137173e-09,9.000000050773949e-11,9.000000050773949e-11
axi_resp_i\[r\]\[data\][51],axi_resp_i\[r\]\[data\][51],INPUT,1,0,400706,123624,401040,123648,4.500000025386974e-11,2.2254686982137173e-09,9.000000050773949e-11,9.000000050773949e-11
axi_resp_i\[r\]\[data\][52],axi_resp_i\[r\]\[data\][52],INPUT,1,0,0,123624,334,123648,4.500000025386974e-11,2.219866290786854e-09,9.000000050773949e-11,9.000000050773949e-11
axi_resp_i\[r\]\[data\][53],axi_resp_i\[r\]\[data\][53],INPUT,1,0,119220,0,119244,334,4.500000025386974e-11,2.2209993844057863e-09,9.000000050773949e-11,9.000000050773949e-11
axi_resp_i\[r\]\[data\][54],axi_resp_i\[r\]\[data\][54],INPUT,1,0,119220,400382,119244,400716,4.500000025386974e-11,2.2203081595506546e-09,9.000000050773949e-11,9.000000050773949e-11
axi_resp_i\[r\]\[data\][55],axi_resp_i\[r\]\[data\][55],INPUT,1,0,400766,123604,401040,123636,4.500000025386974e-11,2.0779484799504644e-09,9.000000050773949e-11,9.000000050773949e-11
axi_resp_i\[r\]\[data\][56],axi_resp_i\[r\]\[data\][56],INPUT,1,0,0,123604,274,123636,4.500000025386974e-11,2.2119923670516073e-09,9.000000050773949e-11,9.000000050773949e-11
axi_resp_i\[r\]\[data\][57],axi_resp_i\[r\]\[data\][57],INPUT,1,0,123636,0,123660,334,4.500000025386974e-11,2.2184343251296923e-09,9.000000050773949e-11,9.000000050773949e-11
axi_resp_i\[r\]\[data\][58],axi_resp_i\[r\]\[data\][58],INPUT,1,0,123636,400382,123660,400716,4.500000025386974e-11,2.2254686982137173e-09,9.000000050773949e-11,9.000000050773949e-11
axi_resp_i\[r\]\[data\][59],axi_resp_i\[r\]\[data\][59],INPUT,1,0,119252,0,119284,274,4.500000025386974e-11,2.2254686982137173e-09,9.000000050773949e-11,9.000000050773949e-11
axi_resp_i\[r\]\[data\][5],axi_resp_i\[r\]\[data\][5],INPUT,1,0,400766,123988,401040,124020,4.500000025386974e-11,2.2008337374757048e-09,9.000000050773949e-11,9.000000050773949e-11
axi_resp_i\[r\]\[data\][60],axi_resp_i\[r\]\[data\][60],INPUT,1,0,400766,119252,401040,119284,4.500000025386974e-11,2.218826233857385e-09,9.000000050773949e-11,9.000000050773949e-11
axi_resp_i\[r\]\[data\][61],axi_resp_i\[r\]\[data\][61],INPUT,1,0,119252,400442,119284,400716,4.500000025386974e-11,2.2184343251296923e-09,9.000000050773949e-11,9.000000050773949e-11
axi_resp_i\[r\]\[data\][62],axi_resp_i\[r\]\[data\][62],INPUT,1,0,0,119252,274,119284,4.500000025386974e-11,2.218826233857385e-09,9.000000050773949e-11,9.000000050773949e-11
axi_resp_i\[r\]\[data\][63],axi_resp_i\[r\]\[data\][63],INPUT,1,0,123604,0,123636,274,4.500000025386974e-11,2.111599117782248e-09,9.000000050773949e-11,9.000000050773949e-11
axi_resp_i\[r\]\[data\][6],axi_resp_i\[r\]\[data\][6],INPUT,1,0,0,123988,274,124020,4.500000025386974e-11,2.211122840378721e-09,9.000000050773949e-11,9.000000050773949e-11
axi_resp_i\[r\]\[data\][7],axi_resp_i\[r\]\[data\][7],INPUT,1,0,124020,0,124044,334,4.500000025386974e-11,2.1198049982018574e-09,9.000000050773949e-11,9.000000050773949e-11
axi_resp_i\[r\]\[data\][8],axi_resp_i\[r\]\[data\][8],INPUT,1,0,124020,400382,124044,400716,4.500000025386974e-11,2.211122840378721e-09,9.000000050773949e-11,9.000000050773949e-11
axi_resp_i\[r\]\[data\][9],axi_resp_i\[r\]\[data\][9],INPUT,1,0,118868,0,118900,274,4.500000025386974e-11,2.211122840378721e-09,9.000000050773949e-11,9.000000050773949e-11
axi_resp_i\[r\]\[id\][0],axi_resp_i\[r\]\[id\][0],INPUT,1,0,0,118740,274,118772,4.500000025386974e-11,1.8060750672788117e-09,9.000000050773949e-11,9.000000050773949e-11
axi_resp_i\[r\]\[id\][1],axi_resp_i\[r\]\[id\][1],INPUT,1,0,124116,0,124148,274,4.500000025386974e-11,1.8059786999202743e-09,9.000000050773949e-11,9.000000050773949e-11
axi_resp_i\[r\]\[id\][2],axi_resp_i\[r\]\[id\][2],INPUT,1,0,124116,400442,124148,400716,4.500000025386974e-11,1.8003381008213637e-09,9.000000050773949e-11,9.000000050773949e-11
axi_resp_i\[r\]\[id\][3],axi_resp_i\[r\]\[id\][3],INPUT,1,0,124116,0,124140,334,4.500000025386974e-11,1.8066452778242592e-09,9.000000050773949e-11,9.000000050773949e-11
axi_resp_i\[r\]\[last\],axi_resp_i\[r\]\[last\],INPUT,1,0,400706,125224,401040,125248,4.500000025386974e-11,2.204265658889426e-09,9.000000050773949e-11,9.000000050773949e-11
axi_resp_i\[r\]\[resp\][0],axi_resp_i\[r\]\[resp\][0],INPUT,1,0,118740,400442,118772,400716,4.500000025386974e-11,-9.000000050773949e-11,9.000000050773949e-11,9.000000050773949e-11
axi_resp_i\[r\]\[resp\][1],axi_resp_i\[r\]\[resp\][1],INPUT,1,0,118740,400382,118764,400716,4.500000025386974e-11,-9.000000050773949e-11,9.000000050773949e-11,9.000000050773949e-11
axi_resp_i\[r_valid\],axi_resp_i\[r_valid\],INPUT,1,0,125268,400382,125292,400716,4.500000025386974e-11,1.8470278639881599e-09,9.000000050773949e-11,9.000000050773949e-11
axi_resp_i\[w_ready\],axi_resp_i\[w_ready\],INPUT,1,0,125268,400442,125300,400716,4.500000025386974e-11,1.7930268381149972e-09,9.000000050773949e-11,9.000000050773949e-11
boot_addr_i[0],boot_addr_i[0],INPUT,1,0,124628,400442,124660,400716,4.500000025386974e-11,2.307642965604373e-09,9.000000050773949e-11,9.000000050773949e-11
boot_addr_i[10],boot_addr_i[10],INPUT,1,0,0,118344,334,118368,4.500000025386974e-11,1.9247030635938245e-09,9.000000050773949e-11,9.000000050773949e-11
boot_addr_i[11],boot_addr_i[11],INPUT,1,0,118356,0,118388,274,4.500000025386974e-11,1.922222603312207e-09,9.000000050773949e-11,9.000000050773949e-11
boot_addr_i[12],boot_addr_i[12],INPUT,1,0,118356,0,118380,334,4.500000025386974e-11,1.9297876630020028e-09,9.000000050773949e-11,9.000000050773949e-11
boot_addr_i[13],boot_addr_i[13],INPUT,1,0,400766,118356,401040,118388,4.500000025386974e-11,1.9279966512186775e-09,9.000000050773949e-11,9.000000050773949e-11
boot_addr_i[14],boot_addr_i[14],INPUT,1,0,118356,400442,118388,400716,4.500000025386974e-11,1.977570107669635e-09,9.000000050773949e-11,9.000000050773949e-11
boot_addr_i[15],boot_addr_i[15],INPUT,1,0,118356,400382,118380,400716,4.500000025386974e-11,1.977146224518833e-09,9.000000050773949e-11,9.000000050773949e-11
boot_addr_i[16],boot_addr_i[16],INPUT,1,0,0,118356,274,118388,4.500000025386974e-11,1.9770562964538385e-09,9.000000050773949e-11,9.000000050773949e-11
boot_addr_i[17],boot_addr_i[17],INPUT,1,0,124500,0,124532,274,4.500000025386974e-11,1.977650487816618e-09,9.000000050773949e-11,9.000000050773949e-11
boot_addr_i[18],boot_addr_i[18],INPUT,1,0,124500,400442,124532,400716,4.500000025386974e-11,2.002114696253443e-09,9.000000050773949e-11,9.000000050773949e-11
boot_addr_i[19],boot_addr_i[19],INPUT,1,0,124500,0,124524,334,4.500000025386974e-11,1.9996342359718255e-09,9.000000050773949e-11,9.000000050773949e-11
boot_addr_i[1],boot_addr_i[1],INPUT,1,0,400706,124584,401040,124608,4.500000025386974e-11,2.3129993476089794e-09,9.000000050773949e-11,9.000000050773949e-11
boot_addr_i[20],boot_addr_i[20],INPUT,1,0,124500,400382,124524,400716,4.500000025386974e-11,2.0072052908659543e-09,9.000000050773949e-11,9.000000050773949e-11
boot_addr_i[21],boot_addr_i[21],INPUT,1,0,400706,124424,401040,124448,4.500000025386974e-11,2.005414279082629e-09,9.000000050773949e-11,9.000000050773949e-11
boot_addr_i[22],boot_addr_i[22],INPUT,1,0,0,124424,334,124448,4.500000025386974e-11,2.0303905223784113e-09,9.000000050773949e-11,9.000000050773949e-11
boot_addr_i[23],boot_addr_i[23],INPUT,1,0,118452,0,118476,334,4.500000025386974e-11,2.0301982317505463e-09,9.000000050773949e-11,9.000000050773949e-11
boot_addr_i[24],boot_addr_i[24],INPUT,1,0,118452,400382,118476,400716,4.500000025386974e-11,2.0314880888605558e-09,9.000000050773949e-11,9.000000050773949e-11
boot_addr_i[25],boot_addr_i[25],INPUT,1,0,400766,124372,401040,124404,4.500000025386974e-11,2.030682288989283e-09,9.000000050773949e-11,9.000000050773949e-11
boot_addr_i[26],boot_addr_i[26],INPUT,1,0,0,124372,274,124404,4.500000025386974e-11,2.0304582459829135e-09,9.000000050773949e-11,9.000000050773949e-11
boot_addr_i[27],boot_addr_i[27],INPUT,1,0,124404,0,124428,334,4.500000025386974e-11,2.0283439372548173e-09,9.000000050773949e-11,9.000000050773949e-11
boot_addr_i[28],boot_addr_i[28],INPUT,1,0,124404,400382,124428,400716,4.500000025386974e-11,2.060074777432419e-09,9.000000050773949e-11,9.000000050773949e-11
boot_addr_i[29],boot_addr_i[29],INPUT,1,0,118484,0,118516,274,4.500000025386974e-11,2.0605466222178848e-09,9.000000050773949e-11,9.000000050773949e-11
boot_addr_i[2],boot_addr_i[2],INPUT,1,0,0,124584,334,124608,4.500000025386974e-11,2.10753525742291e-09,9.000000050773949e-11,9.000000050773949e-11
boot_addr_i[30],boot_addr_i[30],INPUT,1,0,118484,400442,118516,400716,4.500000025386974e-11,2.0743786688370847e-09,9.000000050773949e-11,9.000000050773949e-11
boot_addr_i[31],boot_addr_i[31],INPUT,1,0,124372,0,124404,274,4.500000025386974e-11,2.0741863782092196e-09,9.000000050773949e-11,9.000000050773949e-11
boot_addr_i[32],boot_addr_i[32],INPUT,1,0,124372,400442,124404,400716,4.500000025386974e-11,2.075476235319229e-09,9.000000050773949e-11,9.000000050773949e-11
boot_addr_i[33],boot_addr_i[33],INPUT,1,0,400706,118504,401040,118528,4.500000025386974e-11,2.074670435447956e-09,9.000000050773949e-11,9.000000050773949e-11
boot_addr_i[34],boot_addr_i[34],INPUT,1,0,400766,118484,401040,118516,4.500000025386974e-11,2.074446392441587e-09,9.000000050773949e-11,9.000000050773949e-11
boot_addr_i[35],boot_addr_i[35],INPUT,1,0,0,118504,334,118528,4.500000025386974e-11,2.0723320837134906e-09,9.000000050773949e-11,9.000000050773949e-11
boot_addr_i[36],boot_addr_i[36],INPUT,1,0,0,118484,274,118516,4.500000025386974e-11,2.1040629238910924e-09,9.000000050773949e-11,9.000000050773949e-11
boot_addr_i[37],boot_addr_i[37],INPUT,1,0,118548,0,118572,334,4.500000025386974e-11,2.104534768676558e-09,9.000000050773949e-11,9.000000050773949e-11
boot_addr_i[38],boot_addr_i[38],INPUT,1,0,118548,400382,118572,400716,4.500000025386974e-11,2.1182291476407045e-09,9.000000050773949e-11,9.000000050773949e-11
boot_addr_i[39],boot_addr_i[39],INPUT,1,0,124308,0,124332,334,4.500000025386974e-11,2.1180368570128394e-09,9.000000050773949e-11,9.000000050773949e-11
boot_addr_i[3],boot_addr_i[3],INPUT,1,0,118260,0,118284,334,4.500000025386974e-11,2.1141322026352327e-09,9.000000050773949e-11,9.000000050773949e-11
boot_addr_i[40],boot_addr_i[40],INPUT,1,0,124308,400382,124332,400716,4.500000025386974e-11,2.119326714122849e-09,9.000000050773949e-11,9.000000050773949e-11
boot_addr_i[41],boot_addr_i[41],INPUT,1,0,400706,124264,401040,124288,4.500000025386974e-11,2.118520914251576e-09,9.000000050773949e-11,9.000000050773949e-11
boot_addr_i[42],boot_addr_i[42],INPUT,1,0,0,124264,334,124288,4.500000025386974e-11,2.1182968712452066e-09,9.000000050773949e-11,9.000000050773949e-11
boot_addr_i[43],boot_addr_i[43],INPUT,1,0,400766,124244,401040,124276,4.500000025386974e-11,2.1161825625171105e-09,9.000000050773949e-11,9.000000050773949e-11
boot_addr_i[44],boot_addr_i[44],INPUT,1,0,0,124244,274,124276,4.500000025386974e-11,2.147913402694712e-09,9.000000050773949e-11,9.000000050773949e-11
boot_addr_i[45],boot_addr_i[45],INPUT,1,0,118612,0,118644,274,4.500000025386974e-11,2.148385247480178e-09,9.000000050773949e-11,9.000000050773949e-11
boot_addr_i[46],boot_addr_i[46],INPUT,1,0,400766,118612,401040,118644,4.500000025386974e-11,2.16207807213209e-09,9.000000050773949e-11,9.000000050773949e-11
boot_addr_i[47],boot_addr_i[47],INPUT,1,0,118612,400442,118644,400716,4.500000025386974e-11,2.1618857815042247e-09,9.000000050773949e-11,9.000000050773949e-11
boot_addr_i[48],boot_addr_i[48],INPUT,1,0,0,118612,274,118644,4.500000025386974e-11,2.1615049750067783e-09,9.000000050773949e-11,9.000000050773949e-11
boot_addr_i[49],boot_addr_i[49],INPUT,1,0,124244,0,124276,274,4.500000025386974e-11,2.1623698387429613e-09,9.000000050773949e-11,9.000000050773949e-11
boot_addr_i[4],boot_addr_i[4],INPUT,1,0,118260,400382,118284,400716,4.500000025386974e-11,2.1019856966120187e-09,9.000000050773949e-11,9.000000050773949e-11
boot_addr_i[50],boot_addr_i[50],INPUT,1,0,124244,400442,124276,400716,4.500000025386974e-11,2.1621462398258018e-09,9.000000050773949e-11,9.000000050773949e-11
boot_addr_i[51],boot_addr_i[51],INPUT,1,0,118644,0,118668,334,4.500000025386974e-11,2.1600319310977056e-09,9.000000050773949e-11,9.000000050773949e-11
boot_addr_i[52],boot_addr_i[52],INPUT,1,0,118644,400382,118668,400716,4.500000025386974e-11,2.167672041863966e-09,9.000000050773949e-11,9.000000050773949e-11
boot_addr_i[53],boot_addr_i[53],INPUT,1,0,124212,0,124236,334,4.500000025386974e-11,2.164159962347867e-09,9.000000050773949e-11,9.000000050773949e-11
boot_addr_i[54],boot_addr_i[54],INPUT,1,0,124212,400382,124236,400716,4.500000025386974e-11,2.171637758507927e-09,9.000000050773949e-11,9.000000050773949e-11
boot_addr_i[55],boot_addr_i[55],INPUT,1,0,400706,118664,401040,118688,4.500000025386974e-11,2.1728632226825084e-09,9.000000050773949e-11,9.000000050773949e-11
boot_addr_i[56],boot_addr_i[56],INPUT,1,0,0,118664,334,118688,4.500000025386974e-11,2.1806383365685633e-09,9.000000050773949e-11,9.000000050773949e-11
boot_addr_i[57],boot_addr_i[57],INPUT,1,0,400706,124104,401040,124128,4.500000025386974e-11,2.188961456539573e-09,9.000000050773949e-11,9.000000050773949e-11
boot_addr_i[58],boot_addr_i[58],INPUT,1,0,400766,124116,401040,124148,4.500000025386974e-11,2.170877255736059e-09,9.000000050773949e-11,9.000000050773949e-11
boot_addr_i[59],boot_addr_i[59],INPUT,1,0,0,124104,334,124128,4.500000025386974e-11,2.1729338328668746e-09,9.000000050773949e-11,9.000000050773949e-11
boot_addr_i[5],boot_addr_i[5],INPUT,1,0,124596,0,124620,334,4.500000025386974e-11,2.1056212329284563e-09,9.000000050773949e-11,9.000000050773949e-11
boot_addr_i[60],boot_addr_i[60],INPUT,1,0,0,124116,274,124148,4.500000025386974e-11,2.1794390736573632e-09,9.000000050773949e-11,9.000000050773949e-11
boot_addr_i[61],boot_addr_i[61],INPUT,1,0,118740,0,118772,274,4.500000025386974e-11,2.1986483744740326e-09,9.000000050773949e-11,9.000000050773949e-11
boot_addr_i[62],boot_addr_i[62],INPUT,1,0,118740,0,118764,334,4.500000025386974e-11,2.205071902849909e-09,9.000000050773949e-11,9.000000050773949e-11
boot_addr_i[63],boot_addr_i[63],INPUT,1,0,400766,118740,401040,118772,4.500000025386974e-11,2.2711359459748337e-09,9.000000050773949e-11,9.000000050773949e-11
boot_addr_i[6],boot_addr_i[6],INPUT,1,0,124596,400382,124620,400716,4.500000025386974e-11,1.86593873685581e-09,9.000000050773949e-11,9.000000050773949e-11
boot_addr_i[7],boot_addr_i[7],INPUT,1,0,400766,124500,401040,124532,4.500000025386974e-11,1.8634231935266143e-09,9.000000050773949e-11,9.000000050773949e-11
boot_addr_i[8],boot_addr_i[8],INPUT,1,0,0,124500,274,124532,4.500000025386974e-11,1.917457082001306e-09,9.000000050773949e-11,9.000000050773949e-11
boot_addr_i[9],boot_addr_i[9],INPUT,1,0,400706,118344,401040,118368,4.500000025386974e-11,1.9192036848636462e-09,9.000000050773949e-11,9.000000050773949e-11
clk_i,clk_i,INPUT,1,0,121428,400382,121452,400716,4.500000025386974e-11,1.5582469758967932e-09,0.0,1.2499999924031613e-09
debug_req_i,debug_req_i,INPUT,1,0,0,117704,334,117728,4.500000025386974e-11,1.6502630373338434e-09,9.000000050773949e-11,9.000000050773949e-11
hart_id_i[0],hart_id_i[0],INPUT,1,0,125140,400442,125172,400716,4.500000025386974e-11,2.0838473169249028e-09,9.000000050773949e-11,9.000000050773949e-11
hart_id_i[10],hart_id_i[10],INPUT,1,0,117844,400442,117876,400716,4.500000025386974e-11,2.123202946791025e-09,9.000000050773949e-11,9.000000050773949e-11
hart_id_i[11],hart_id_i[11],INPUT,1,0,125012,0,125044,274,4.500000025386974e-11,2.0770598574415544e-09,9.000000050773949e-11,9.000000050773949e-11
hart_id_i[12],hart_id_i[12],INPUT,1,0,125012,400442,125044,400716,4.500000025386974e-11,2.113938357695133e-09,9.000000050773949e-11,9.000000050773949e-11
hart_id_i[13],hart_id_i[13],INPUT,1,0,400706,117864,401040,117888,4.500000025386974e-11,2.085528638673395e-09,9.000000050773949e-11,9.000000050773949e-11
hart_id_i[14],hart_id_i[14],INPUT,1,0,400766,117844,401040,117876,4.500000025386974e-11,2.1664301463886204e-09,9.000000050773949e-11,9.000000050773949e-11
hart_id_i[15],hart_id_i[15],INPUT,1,0,0,117864,334,117888,4.500000025386974e-11,2.0854293847349936e-09,9.000000050773949e-11,9.000000050773949e-11
hart_id_i[16],hart_id_i[16],INPUT,1,0,0,117844,274,117876,4.500000025386974e-11,2.1312287490360404e-09,9.000000050773949e-11,9.000000050773949e-11
hart_id_i[17],hart_id_i[17],INPUT,1,0,117876,0,117900,334,4.500000025386974e-11,2.085863481937622e-09,9.000000050773949e-11,9.000000050773949e-11
hart_id_i[18],hart_id_i[18],INPUT,1,0,117876,400382,117900,400716,4.500000025386974e-11,2.1045716280809756e-09,9.000000050773949e-11,9.000000050773949e-11
hart_id_i[19],hart_id_i[19],INPUT,1,0,124980,0,125004,334,4.500000025386974e-11,2.0854629134703373e-09,9.000000050773949e-11,9.000000050773949e-11
hart_id_i[1],hart_id_i[1],INPUT,1,0,400706,125064,401040,125088,4.500000025386974e-11,2.093576645378903e-09,9.000000050773949e-11,9.000000050773949e-11
hart_id_i[20],hart_id_i[20],INPUT,1,0,124980,400382,125004,400716,4.500000025386974e-11,2.1054571419654167e-09,9.000000050773949e-11,9.000000050773949e-11
hart_id_i[21],hart_id_i[21],INPUT,1,0,400706,124904,401040,124928,4.500000025386974e-11,2.085570827148331e-09,9.000000050773949e-11,9.000000050773949e-11
hart_id_i[22],hart_id_i[22],INPUT,1,0,0,124904,334,124928,4.500000025386974e-11,2.087240380532762e-09,9.000000050773949e-11,9.000000050773949e-11
hart_id_i[23],hart_id_i[23],INPUT,1,0,400766,124884,401040,124916,4.500000025386974e-11,2.0854293847349936e-09,9.000000050773949e-11,9.000000050773949e-11
hart_id_i[24],hart_id_i[24],INPUT,1,0,0,124884,274,124916,4.500000025386974e-11,2.0854629134703373e-09,9.000000050773949e-11,9.000000050773949e-11
hart_id_i[25],hart_id_i[25],INPUT,1,0,117972,0,118004,274,4.500000025386974e-11,2.0871981920578264e-09,9.000000050773949e-11,9.000000050773949e-11
hart_id_i[26],hart_id_i[26],INPUT,1,0,117972,0,117996,334,4.500000025386974e-11,2.0856278926117966e-09,9.000000050773949e-11,9.000000050773949e-11
hart_id_i[27],hart_id_i[27],INPUT,1,0,400766,117972,401040,118004,4.500000025386974e-11,2.085570827148331e-09,9.000000050773949e-11,9.000000050773949e-11
hart_id_i[28],hart_id_i[28],INPUT,1,0,117972,400442,118004,400716,4.500000025386974e-11,2.123905940010218e-09,9.000000050773949e-11,9.000000050773949e-11
hart_id_i[29],hart_id_i[29],INPUT,1,0,117972,400382,117996,400716,4.500000025386974e-11,2.123202946791025e-09,9.000000050773949e-11,9.000000050773949e-11
hart_id_i[2],hart_id_i[2],INPUT,1,0,0,125064,334,125088,4.500000025386974e-11,2.0972807934782622e-09,9.000000050773949e-11,9.000000050773949e-11
hart_id_i[30],hart_id_i[30],INPUT,1,0,0,117972,274,118004,4.500000025386974e-11,2.086671946344154e-09,9.000000050773949e-11,9.000000050773949e-11
hart_id_i[31],hart_id_i[31],INPUT,1,0,124884,0,124916,274,4.500000025386974e-11,2.12309947400513e-09,9.000000050773949e-11,9.000000050773949e-11
hart_id_i[32],hart_id_i[32],INPUT,1,0,124884,400442,124916,400716,4.500000025386974e-11,2.0795616340052447e-09,9.000000050773949e-11,9.000000050773949e-11
hart_id_i[33],hart_id_i[33],INPUT,1,0,124884,0,124908,334,4.500000025386974e-11,2.142902522095369e-09,9.000000050773949e-11,9.000000050773949e-11
hart_id_i[34],hart_id_i[34],INPUT,1,0,124884,400382,124908,400716,4.500000025386974e-11,2.152250377918108e-09,9.000000050773949e-11,9.000000050773949e-11
hart_id_i[35],hart_id_i[35],INPUT,1,0,400706,118024,401040,118048,4.500000025386974e-11,2.121867570537006e-09,9.000000050773949e-11,9.000000050773949e-11
hart_id_i[36],hart_id_i[36],INPUT,1,0,0,118024,334,118048,4.500000025386974e-11,2.1245616377285614e-09,9.000000050773949e-11,9.000000050773949e-11
hart_id_i[37],hart_id_i[37],INPUT,1,0,118068,0,118092,334,4.500000025386974e-11,2.134192378377975e-09,9.000000050773949e-11,9.000000050773949e-11
hart_id_i[38],hart_id_i[38],INPUT,1,0,118068,400382,118092,400716,4.500000025386974e-11,2.122305442497918e-09,9.000000050773949e-11,9.000000050773949e-11
hart_id_i[39],hart_id_i[39],INPUT,1,0,124788,0,124812,334,4.500000025386974e-11,2.121583353442702e-09,9.000000050773949e-11,9.000000050773949e-11
hart_id_i[3],hart_id_i[3],INPUT,1,0,117780,0,117804,334,4.500000025386974e-11,2.1118671256203925e-09,9.000000050773949e-11,9.000000050773949e-11
hart_id_i[40],hart_id_i[40],INPUT,1,0,124788,400382,124812,400716,4.500000025386974e-11,2.123235809392554e-09,9.000000050773949e-11,9.000000050773949e-11
hart_id_i[41],hart_id_i[41],INPUT,1,0,400706,124744,401040,124768,4.500000025386974e-11,2.134192378377975e-09,9.000000050773949e-11,9.000000050773949e-11
hart_id_i[42],hart_id_i[42],INPUT,1,0,400766,124756,401040,124788,4.500000025386974e-11,2.1224089152838133e-09,9.000000050773949e-11,9.000000050773949e-11
hart_id_i[43],hart_id_i[43],INPUT,1,0,0,124744,334,124768,4.500000025386974e-11,2.121719688830126e-09,9.000000050773949e-11,9.000000050773949e-11
hart_id_i[44],hart_id_i[44],INPUT,1,0,0,124756,274,124788,4.500000025386974e-11,2.12309947400513e-09,9.000000050773949e-11,9.000000050773949e-11
hart_id_i[45],hart_id_i[45],INPUT,1,0,118100,0,118132,274,4.500000025386974e-11,2.072315652412726e-09,9.000000050773949e-11,9.000000050773949e-11
hart_id_i[46],hart_id_i[46],INPUT,1,0,400766,118100,401040,118132,4.500000025386974e-11,2.0726964589101726e-09,9.000000050773949e-11,9.000000050773949e-11
hart_id_i[47],hart_id_i[47],INPUT,1,0,118100,400442,118132,400716,4.500000025386974e-11,2.116177899580407e-09,9.000000050773949e-11,9.000000050773949e-11
hart_id_i[48],hart_id_i[48],INPUT,1,0,0,118100,274,118132,4.500000025386974e-11,2.0733015304585933e-09,9.000000050773949e-11,9.000000050773949e-11
hart_id_i[49],hart_id_i[49],INPUT,1,0,124756,0,124788,274,4.500000025386974e-11,2.1046928644352647e-09,9.000000050773949e-11,9.000000050773949e-11
hart_id_i[4],hart_id_i[4],INPUT,1,0,117780,400382,117804,400716,4.500000025386974e-11,2.130604803696201e-09,9.000000050773949e-11,9.000000050773949e-11
hart_id_i[50],hart_id_i[50],INPUT,1,0,124756,400442,124788,400716,4.500000025386974e-11,2.0727231042627636e-09,9.000000050773949e-11,9.000000050773949e-11
hart_id_i[51],hart_id_i[51],INPUT,1,0,118164,0,118188,334,4.500000025386974e-11,2.074561189502333e-09,9.000000050773949e-11,9.000000050773949e-11
hart_id_i[52],hart_id_i[52],INPUT,1,0,118164,400382,118188,400716,4.500000025386974e-11,2.0753767593362227e-09,9.000000050773949e-11,9.000000050773949e-11
hart_id_i[53],hart_id_i[53],INPUT,1,0,124692,0,124716,334,4.500000025386974e-11,2.072728433333282e-09,9.000000050773949e-11,9.000000050773949e-11
hart_id_i[54],hart_id_i[54],INPUT,1,0,124692,400382,124716,400716,4.500000025386974e-11,2.074884708491709e-09,9.000000050773949e-11,9.000000050773949e-11
hart_id_i[55],hart_id_i[55],INPUT,1,0,400706,118184,401040,118208,4.500000025386974e-11,2.0728090355248696e-09,9.000000050773949e-11,9.000000050773949e-11
hart_id_i[56],hart_id_i[56],INPUT,1,0,0,118184,334,118208,4.500000025386974e-11,2.072663374264039e-09,9.000000050773949e-11,9.000000050773949e-11
hart_id_i[57],hart_id_i[57],INPUT,1,0,400766,124628,401040,124660,4.500000025386974e-11,2.0738377681794873e-09,9.000000050773949e-11,9.000000050773949e-11
hart_id_i[58],hart_id_i[58],INPUT,1,0,0,124628,274,124660,4.500000025386974e-11,2.073930360779741e-09,9.000000050773949e-11,9.000000050773949e-11
hart_id_i[59],hart_id_i[59],INPUT,1,0,118228,0,118260,274,4.500000025386974e-11,2.07442218957965e-09,9.000000050773949e-11,9.000000050773949e-11
hart_id_i[5],hart_id_i[5],INPUT,1,0,125076,0,125100,334,4.500000025386974e-11,2.099120877119276e-09,9.000000050773949e-11,9.000000050773949e-11
hart_id_i[60],hart_id_i[60],INPUT,1,0,400766,118228,401040,118260,4.500000025386974e-11,2.0856156801585257e-09,9.000000050773949e-11,9.000000050773949e-11
hart_id_i[61],hart_id_i[61],INPUT,1,0,118228,400442,118260,400716,4.500000025386974e-11,2.0732855432470387e-09,9.000000050773949e-11,9.000000050773949e-11
hart_id_i[62],hart_id_i[62],INPUT,1,0,0,118228,274,118260,4.500000025386974e-11,2.0222863383878575e-09,9.000000050773949e-11,9.000000050773949e-11
hart_id_i[63],hart_id_i[63],INPUT,1,0,124628,0,124660,274,4.500000025386974e-11,2.1219201951083733e-09,9.000000050773949e-11,9.000000050773949e-11
hart_id_i[6],hart_id_i[6],INPUT,1,0,125076,400382,125100,400716,4.500000025386974e-11,2.0854715732099294e-09,9.000000050773949e-11,9.000000050773949e-11
hart_id_i[7],hart_id_i[7],INPUT,1,0,400766,125012,401040,125044,4.500000025386974e-11,2.0738404327147464e-09,9.000000050773949e-11,9.000000050773949e-11
hart_id_i[8],hart_id_i[8],INPUT,1,0,0,125012,274,125044,4.500000025386974e-11,2.114806774144995e-09,9.000000050773949e-11,9.000000050773949e-11
hart_id_i[9],hart_id_i[9],INPUT,1,0,117844,0,117876,274,4.500000025386974e-11,2.090090767126185e-09,9.000000050773949e-11,9.000000050773949e-11
ipi_i,ipi_i,INPUT,1,0,400766,117716,401040,117748,4.500000025386974e-11,2.365090123745972e-09,9.000000050773949e-11,9.000000050773949e-11
irq_i[0],irq_i[0],INPUT,1,0,0,117716,274,117748,4.500000025386974e-11,2.365090123745972e-09,9.000000050773949e-11,9.000000050773949e-11
irq_i[1],irq_i[1],INPUT,1,0,125140,0,125172,274,4.500000025386974e-11,1.6162999827429303e-09,9.000000050773949e-11,9.000000050773949e-11
rst_ni,rst_ni,INPUT,1,0,117716,400442,117748,400716,4.500000025386974e-11,1.0000000150474662e+30,-1.0000000150474662e+30,-1.0000000150474662e+30
time_irq_i,time_irq_i,INPUT,1,0,117716,0,117748,274,4.500000025386974e-11,2.365090123745972e-09,9.000000050773949e-11,9.000000050773949e-11
