libcell_name,func_id,libcell_area,worst_input_cap,libcell_leakage,fo4_delay,fix_load_delay
sram_asap7_64x64_1rw,0,140448000,2.499999956129175e-14,0.00012889999197795987,2.1799999305738282e-10,2.1799999305738282e-10
A2O1A1Ixp33_ASAP7_75t_SRAM,1,87480,5.268779983564611e-16,0.0,3.43215421361176e-11,4.027644537329955e-11
A2O1A1O1Ixp25_ASAP7_75t_SRAM,2,131220,5.714200199812166e-16,0.0,4.0889871349980567e-11,5.030281399753811e-11
AND2x2_ASAP7_75t_SRAM,3,87480,4.910669805937662e-16,3.5244099305664633e-11,2.4362458231341755e-11,2.6421580201496653e-11
AND2x4_ASAP7_75t_SRAM,3,145800,9.505569964303657e-16,7.048819861132927e-11,2.3816924127340044e-11,2.1873468314392852e-11
AND2x6_ASAP7_75t_SRAM,3,174960,9.50294945612309e-16,9.03069008462154e-11,2.721886084577907e-11,2.5913911641528564e-11
AND3x1_ASAP7_75t_SRAM,4,87480,5.499169768844229e-16,2.5567400627202197e-11,3.714302129753655e-11,3.8638758859121936e-11
AND3x2_ASAP7_75t_SRAM,4,102060,5.503259879188283e-16,3.547669796821751e-11,3.8254538425874784e-11,3.925083522093864e-11
AND3x4_ASAP7_75t_SRAM,4,204120,9.313309367144692e-16,5.875919889541947e-11,3.562799708034525e-11,3.3484760103563715e-11
AND4x1_ASAP7_75t_SRAM,5,102060,5.550949951701068e-16,2.5744600895549752e-11,4.6657500779589967e-11,4.817603260764969e-11
AND4x2_ASAP7_75t_SRAM,5,116640,5.542420329922217e-16,2.996750070316523e-11,4.871882758328283e-11,4.978961687385208e-11
AND5x1_ASAP7_75t_SRAM,6,116640,4.80745990010591e-16,2.5508799933460224e-11,5.6277166954332714e-11,5.90343260387094e-11
AND5x2_ASAP7_75t_SRAM,6,291600,9.314789557220019e-16,3.918909988187558e-11,5.621530324573243e-11,5.286408810700749e-11
AO211x2_ASAP7_75t_SRAM,7,233280,8.499650047407803e-16,5.4759100032164554e-11,3.897672809505259e-11,3.644650900525015e-11
AO21x1_ASAP7_75t_SRAM,8,87480,5.312269831450199e-16,3.621250174723478e-11,3.117095470628328e-11,3.329600484214268e-11
AO21x2_ASAP7_75t_SRAM,8,102060,5.324140468810376e-16,4.6121897967488223e-11,3.2250396797550707e-11,3.3622125916732415e-11
AO221x1_ASAP7_75t_SRAM,9,145800,4.863549892477497e-16,3.8311600419893566e-11,4.160420619125915e-11,4.533603006895426e-11
AO221x2_ASAP7_75t_SRAM,9,160380,4.858640277756975e-16,4.822100010959396e-11,4.518472401793261e-11,4.779745002569946e-11
AO222x2_ASAP7_75t_SRAM,10,174960,5.496469851324856e-16,6.095629556668314e-11,5.5165646356547526e-11,5.685709889013957e-11
AO22x1_ASAP7_75t_SRAM,11,131220,3.966070045164895e-16,2.6932399019297115e-11,3.3424804590787005e-11,3.888517979833139e-11
AO22x2_ASAP7_75t_SRAM,11,145800,5.453939797647625e-16,4.534820088886171e-11,3.269261944494062e-11,3.4569593715394475e-11
AO31x2_ASAP7_75t_SRAM,12,233280,1.0302799491841773e-15,4.7258998797650165e-11,3.465519538004003e-11,3.00492304650124e-11
AO322x2_ASAP7_75t_SRAM,13,218700,5.221880298670733e-16,5.2865000571555854e-11,5.6788528740581157e-11,5.821123444382792e-11
AO32x1_ASAP7_75t_SRAM,14,116640,4.6826199491748345e-16,3.0014199459138524e-11,4.127488975602667e-11,4.4332027632210114e-11
AO32x2_ASAP7_75t_SRAM,14,131220,4.741820140649622e-16,3.992349853487731e-11,4.584927576489761e-11,4.787499910396953e-11
AO331x1_ASAP7_75t_SRAM,15,145800,5.64213993061569e-16,4.623420049587601e-11,5.139398975839704e-11,5.3754986573117947e-11
AO331x2_ASAP7_75t_SRAM,15,160380,5.63702014584513e-16,5.6143600185576403e-11,5.442167549940535e-11,5.6066921938491276e-11
AO332x1_ASAP7_75t_SRAM,16,160380,5.50997949743797e-16,4.5460499947802546e-11,5.5303581159016346e-11,5.7787209045701005e-11
AO332x2_ASAP7_75t_SRAM,16,174960,5.509260578223988e-16,5.536989963750294e-11,5.8104618338994385e-11,5.98292318465532e-11
AO333x1_ASAP7_75t_SRAM,17,174960,5.481410134918266e-16,4.551060223123571e-11,6.113078099279079e-11,6.359484466811338e-11
AO333x2_ASAP7_75t_SRAM,17,189540,5.474769926007384e-16,5.541999845148915e-11,6.405617009042075e-11,6.578480121754993e-11
AO33x2_ASAP7_75t_SRAM,18,145800,4.913690007790216e-16,4.4900697743210927e-11,5.1240560405840796e-11,5.35790856126539e-11
AOI211x1_ASAP7_75t_SRAM,19,174960,9.102810033048974e-16,0.0,3.649784641179821e-11,3.191212571973523e-11
AOI211xp5_ASAP7_75t_SRAM,19,87480,4.867819997322843e-16,0.0,3.851335569904357e-11,4.811660098136272e-11
AOI21x1_ASAP7_75t_SRAM,20,116640,1.071059926913262e-15,0.0,2.6395264446366085e-11,1.8817569030771253e-11
AOI21xp33_ASAP7_75t_SRAM,20,72900,4.1556701647760936e-16,0.0,2.9350383234927335e-11,4.349052715180157e-11
AOI21xp5_ASAP7_75t_SRAM,20,72900,5.156009722736318e-16,0.0,2.536315775458764e-11,3.045989155348039e-11
AOI221x1_ASAP7_75t_SRAM,21,204120,8.271800302178764e-16,0.0,3.995442865445398e-11,3.331373024662021e-11
AOI221xp5_ASAP7_75t_SRAM,22,102060,4.842269777864509e-16,0.0,3.7553585241489884e-11,4.834021377631004e-11
AOI222xp33_ASAP7_75t_SRAM,23,145800,4.853900069625903e-16,0.0,4.374369269588563e-11,5.141231884664421e-11
AOI22x1_ASAP7_75t_SRAM,24,145800,1.126279910568901e-15,0.0,2.8057651688118135e-11,2.1026770602450284e-11
AOI22xp33_ASAP7_75t_SRAM,24,87480,3.9698700467245146e-16,0.0,2.846957392055316e-11,4.448171692095215e-11
AOI22xp5_ASAP7_75t_SRAM,24,87480,5.434949848365776e-16,0.0,2.6540020181542445e-11,3.230348974425645e-11
AOI311xp33_ASAP7_75t_SRAM,25,102060,5.157229979575956e-16,0.0,4.3009613232003474e-11,4.944987821997593e-11
AOI31xp33_ASAP7_75t_SRAM,26,87480,4.606519862215548e-16,0.0,3.70970268392945e-11,4.650742638223626e-11
AOI31xp67_ASAP7_75t_SRAM,26,189540,1.0433499851976663e-15,0.0,3.3719017161759623e-11,2.3347813266072492e-11
AOI321xp33_ASAP7_75t_SRAM,27,116640,5.033630402517017e-16,0.0,4.4795684522869195e-11,5.196664626394565e-11
AOI322xp5_ASAP7_75t_SRAM,28,131220,5.074719970788323e-16,0.0,4.764468333751104e-11,5.448352533021783e-11
AOI32xp33_ASAP7_75t_SRAM,29,102060,4.589129746412825e-16,0.0,4.000804895709642e-11,4.949521695274406e-11
AOI331xp33_ASAP7_75t_SRAM,30,131220,5.642629621538321e-16,0.0,4.862031957597601e-11,5.556351212465671e-11
AOI332xp33_ASAP7_75t_SRAM,31,145800,5.494390385439346e-16,0.0,5.15174292115006e-11,5.871320096773047e-11
AOI333xp33_ASAP7_75t_SRAM,32,160380,5.493180187115957e-16,0.0,5.884296522262744e-11,6.289568171835569e-11
AOI33xp33_ASAP7_75t_SRAM,33,116640,4.67409985651664e-16,0.0,3.959328351288427e-11,5.250274173751457e-11
BUFx10_ASAP7_75t_SRAM,34,204120,1.1283600117291208e-15,1.2048399777864205e-10,2.4596293751733e-11,2.326347968428788e-11
BUFx12_ASAP7_75t_SRAM,34,233280,1.1254300188854498e-15,1.403020061241378e-10,2.7343401848289872e-11,2.6145400081056813e-11
BUFx12f_ASAP7_75t_SRAM,34,262440,2.1829999932016213e-15,1.6169299232871026e-10,1.984526779019724e-11,1.670824242849811e-11
BUFx16f_ASAP7_75t_SRAM,34,320760,2.185729980390622e-15,2.013299943426361e-10,2.2867339966037292e-11,2.056728398702745e-11
BUFx24_ASAP7_75t_SRAM,34,437400,2.191090216639084e-15,2.8060501144899774e-10,2.9049230035327334e-11,2.7352980991324216e-11
BUFx2_ASAP7_75t_SRAM,34,72900,5.079389769305654e-16,3.0741399009714954e-11,2.311911599661709e-11,2.4314309246542543e-11
BUFx3_ASAP7_75t_SRAM,34,87480,5.902429978933384e-16,4.6109699392005155e-11,2.1024520666101942e-11,2.126038234351313e-11
BUFx4_ASAP7_75t_SRAM,34,102060,5.128980371993841e-16,5.0560101244601086e-11,3.042251173202004e-11,3.1079215589979725e-11
BUFx4f_ASAP7_75t_SRAM,34,116640,9.514439458052594e-16,5.39007970201677e-11,2.1391752952348853e-11,1.963620585576642e-11
BUFx5_ASAP7_75t_SRAM,34,116640,5.896740035110204e-16,6.592839468799738e-11,2.579022065352099e-11,2.594138792666456e-11
BUFx6f_ASAP7_75t_SRAM,34,145800,1.1222800092337295e-15,8.084639901984048e-11,1.954921988178704e-11,1.7584671566095444e-11
BUFx8_ASAP7_75t_SRAM,34,174960,7.990199963699336e-16,9.353830210390157e-11,2.743022475826251e-11,2.686450714661781e-11
CKINVDCx10_ASAP7_75t_SRAM,35,349920,5.6457702079485035e-15,0.0,1.4098977194065831e-11,4.0268730190640145e-12
CKINVDCx11_ASAP7_75t_SRAM,35,379080,6.40389010672952e-15,0.0,1.4655988228584604e-11,4.081739286843078e-12
CKINVDCx12_ASAP7_75t_SRAM,35,379080,6.749370281959079e-15,0.0,1.4247719323789987e-11,3.963801075562712e-12
CKINVDCx14_ASAP7_75t_SRAM,35,408240,7.836909764256765e-15,0.0,1.4807622142343213e-11,4.263873976118049e-12
CKINVDCx16_ASAP7_75t_SRAM,35,437400,8.911430350155153e-15,0.0,1.4511884749435211e-11,3.969270658682467e-12
CKINVDCx20_ASAP7_75t_SRAM,35,554040,1.1134800357139388e-14,0.0,1.6059278906688235e-11,4.403078162490415e-12
CKINVDCx5p33_ASAP7_75t_SRAM,35,320760,3.4910901260636193e-15,0.0,1.531356638717618e-11,4.896306016882734e-12
CKINVDCx6p67_ASAP7_75t_SRAM,35,349920,4.249009913310847e-15,0.0,1.5367495470597348e-11,4.6038463839825905e-12
CKINVDCx8_ASAP7_75t_SRAM,35,320760,4.572410057187854e-15,0.0,1.3790395908541697e-11,4.037880273199956e-12
CKINVDCx9p33_ASAP7_75t_SRAM,35,408240,5.806889850559901e-15,0.0,1.562899636098347e-11,4.472440646996478e-12
DECAPx10_ASAP7_75t_SRAM,36,320760,NaN,NaN,NaN,NaN
DECAPx1_ASAP7_75t_SRAM,37,58320,NaN,NaN,NaN,NaN
DECAPx2_ASAP7_75t_SRAM,38,87480,NaN,NaN,NaN,NaN
DECAPx2b_ASAP7_75t_SRAM,39,87480,NaN,NaN,NaN,NaN
DECAPx4_ASAP7_75t_SRAM,40,145800,NaN,NaN,NaN,NaN
DECAPx6_ASAP7_75t_SRAM,41,204120,NaN,NaN,NaN,NaN
DFFASRHQNx1_ASAP7_75t_SRAM,42,379080,1.0219999903665297e-15,6.947049879801881e-11,7.837621524009464e-11,8.428359399292873e-11
DFFHQNx1_ASAP7_75t_SRAM,43,291600,5.11389947976357e-16,5.919530143838614e-11,6.73047589883069e-11,7.229990911516992e-11
DFFHQNx2_ASAP7_75t_SRAM,43,306180,5.116170057457804e-16,6.910470112808653e-11,7.664759799075327e-11,8.031630915894539e-11
DFFHQNx3_ASAP7_75t_SRAM,43,320760,5.113480198454679e-16,7.901419796230158e-11,8.920471999962487e-11,9.228959263474223e-11
DFFHQx4_ASAP7_75t_SRAM,44,364500,5.113529961640331e-16,1.0341300038518852e-10,8.912740684374754e-11,9.041671578113863e-11
DFFLQNx1_ASAP7_75t_SRAM,45,291600,5.107480558210159e-16,5.242349956913195e-11,7.758539644076023e-11,8.242781457390436e-11
DFFLQNx2_ASAP7_75t_SRAM,45,306180,5.108130126601584e-16,6.23329027282793e-11,8.378470139902561e-11,8.735830114847687e-11
DFFLQNx3_ASAP7_75t_SRAM,45,320760,5.107250271127624e-16,7.224239956249434e-11,9.460746769329731e-11,9.76364475380187e-11
DFFLQx4_ASAP7_75t_SRAM,46,364500,5.108369942804776e-16,1.0135899758401123e-10,9.635045539191367e-11,9.731662697909371e-11
DHLx1_ASAP7_75t_SRAM,47,218700,5.131910047200157e-16,4.484349697131407e-11,4.971940914533235e-11,5.328877963894918e-11
DHLx2_ASAP7_75t_SRAM,47,233280,5.134199683135704e-16,5.475299727497607e-11,4.9041482680367565e-11,5.1274089141184476e-11
DHLx3_ASAP7_75t_SRAM,47,247860,5.13290001695726e-16,6.466249757863807e-11,5.197829666681031e-11,5.3778339420551546e-11
DLLx1_ASAP7_75t_SRAM,48,218700,5.194389844367594e-16,4.5062800713147055e-11,5.828544591413021e-11,6.164337790215413e-11
DLLx2_ASAP7_75t_SRAM,48,233280,5.194720187217023e-16,5.497209978888584e-11,5.956665716233545e-11,6.17854101214732e-11
DLLx3_ASAP7_75t_SRAM,48,247860,5.177109842848015e-16,6.488150294803319e-11,6.283748521518362e-11,6.469900309946652e-11
FAx1_ASAP7_75t_SRAM,49,204120,1.8523001193851765e-15,0.0,1.1463523880150817e-10,6.011294240160225e-11
FILLER_ASAP7_75t_SRAM,50,29160,NaN,NaN,NaN,NaN
FILLERxp5_ASAP7_75t_SRAM,51,14580,NaN,NaN,NaN,NaN
HAxp5_ASAP7_75t_SRAM,52,131220,9.11970939913788e-16,0.0,5.6623882666029246e-11,4.46746667437381e-11
HB1xp67_ASAP7_75t_SRAM,34,58320,3.0356300282922597e-16,1.2071700410121178e-11,2.5655247024025662e-11,3.408158130713268e-11
HB2xp67_ASAP7_75t_SRAM,34,72900,4.510989898237432e-16,1.1814000298870919e-11,4.7502758671047474e-11,5.2404653533288936e-11
HB3xp67_ASAP7_75t_SRAM,34,87480,5.625429558753139e-16,1.1830899974973885e-11,7.073081703667938e-11,7.271041407852508e-11
HB4xp67_ASAP7_75t_SRAM,34,102060,6.689910157248603e-16,1.189009914831507e-11,9.608312756537174e-11,9.47553910335408e-11
ICGx1_ASAP7_75t_SRAM,53,262440,2.062370007776637e-15,9.108129528367925e-11,1.8666089507402006e-11,2.2874428046160133e-11
ICGx2_ASAP7_75t_SRAM,53,277020,2.0573100447079766e-15,1.0099100028471142e-10,1.6850720471750513e-11,1.9237016493645065e-11
ICGx2p67DC_ASAP7_75t_SRAM,53,699840,5.5618800648524376e-15,2.1116099147011624e-10,5.1600609202173686e-11,1.6373237834987897e-11
ICGx3_ASAP7_75t_SRAM,53,291600,2.0546601021324915e-15,1.1090000445745929e-10,1.8217495220684832e-11,1.9876255155648614e-11
ICGx4DC_ASAP7_75t_SRAM,53,699840,5.560550223125248e-15,2.2436699720351783e-10,3.907723450380374e-11,1.5058409380541704e-11
ICGx4_ASAP7_75t_SRAM,53,306180,2.0537300599564063e-15,1.2080900169131326e-10,1.9610134696645964e-11,2.1070301753356446e-11
ICGx5_ASAP7_75t_SRAM,53,320760,2.0553199407984026e-15,1.3071899118699548e-10,2.161989164084499e-11,2.288801613514746e-11
ICGx5p33DC_ASAP7_75t_SRAM,53,699840,5.562429789235206e-15,2.375729890591316e-10,3.268438644732363e-11,1.4288351751767792e-11
ICGx6p67DC_ASAP7_75t_SRAM,53,699840,5.561119852782277e-15,2.50779008670321e-10,2.939955223713042e-11,1.4191666071472486e-11
ICGx8DC_ASAP7_75t_SRAM,53,699840,5.565010275109016e-15,2.6398497277035915e-10,2.7321575557515132e-11,1.4253747487869006e-11
INVx11_ASAP7_75t_SRAM,35,189540,5.888689939858617e-15,0.0,1.3316172817190441e-11,3.904154777245594e-12
INVx13_ASAP7_75t_SRAM,35,218700,6.949600400360523e-15,0.0,1.3712409679955684e-11,3.917835673938885e-12
INVx1_ASAP7_75t_SRAM,35,43740,5.799310070352278e-16,0.0,1.3891177270963784e-11,1.4654064420249746e-11
INVx2_ASAP7_75t_SRAM,35,58320,1.112400111057837e-15,0.0,1.28795342446697e-11,8.184069741346e-12
INVx3_ASAP7_75t_SRAM,35,72900,1.6492600750603347e-15,0.0,1.2903541082853742e-11,6.3317753817848654e-12
INVx4_ASAP7_75t_SRAM,35,87480,2.1762199179753243e-15,0.0,1.2663327851603068e-11,5.277407851000948e-12
INVx5_ASAP7_75t_SRAM,35,102060,2.7097600422201773e-15,0.0,1.2635873250510521e-11,4.615852405159826e-12
INVx6_ASAP7_75t_SRAM,35,116640,3.2394199085336584e-15,0.0,1.2657743776733898e-11,4.324442713643517e-12
INVx8_ASAP7_75t_SRAM,35,145800,4.295440024314591e-15,0.0,1.2873565061188863e-11,3.91210328021252e-12
INVxp33_ASAP7_75t_SRAM,35,43740,2.623960104525849e-16,0.0,1.871212906845443e-11,3.908242826589081e-11
INVxp67_ASAP7_75t_SRAM,35,43740,4.1639700288680017e-16,0.0,1.4784826141145402e-11,2.0635663317003505e-11
MAJIxp5_ASAP7_75t_SRAM,54,102060,1.045600022342929e-15,0.0,3.2496408342019834e-11,3.4987110431039525e-11
MAJx2_ASAP7_75t_SRAM,55,131220,1.0530400421142555e-15,4.58955998206001e-11,3.675120277546462e-11,3.7521107748572646e-11
MAJx3_ASAP7_75t_SRAM,55,145800,1.0534500060607266e-15,5.5804902365785836e-11,4.0907624510033713e-11,4.153322130662218e-11
NAND2x1_ASAP7_75t_SRAM,56,87480,9.256340048694736e-16,0.0,2.4287067149075803e-11,1.8519191388732814e-11
NAND2x1p5_ASAP7_75t_SRAM,56,116640,1.4321299552952729e-15,0.0,2.16204398134634e-11,1.2757136493013466e-11
NAND2x2_ASAP7_75t_SRAM,56,145800,1.9122501467765205e-15,0.0,2.3730656328879718e-11,1.2513248250078934e-11
NAND2xp33_ASAP7_75t_SRAM,56,58320,3.2521401199399314e-16,0.0,2.3987990413476545e-11,4.143767273756538e-11
NAND2xp5_ASAP7_75t_SRAM,56,58320,4.893899612373211e-16,0.0,1.8634652848570354e-11,2.4127529835160644e-11
NAND2xp67_ASAP7_75t_SRAM,56,87480,7.107150116736599e-16,0.0,2.7838117228062842e-11,2.5227639421920856e-11
NAND3x1_ASAP7_75t_SRAM,57,160380,1.2070500078037558e-15,0.0,3.4057919678920356e-11,2.2774190519547766e-11
NAND3x2_ASAP7_75t_SRAM,57,291600,2.467050162722746e-15,0.0,3.433181169909538e-11,1.680363660716555e-11
NAND3xp33_ASAP7_75t_SRAM,57,72900,4.821939928339222e-16,0.0,3.068733461786266e-11,3.698588657563562e-11
NAND4xp25_ASAP7_75t_SRAM,58,87480,4.807969708061038e-16,0.0,4.2993789084455614e-11,5.139004846665962e-11
NAND4xp75_ASAP7_75t_SRAM,58,204120,1.3816800376820963e-15,0.0,4.257996039092049e-11,2.674468632668514e-11
NAND5xp2_ASAP7_75t_SRAM,59,102060,4.764389862924804e-16,0.0,5.4872082572154923e-11,6.565421123427839e-11
NOR2x1_ASAP7_75t_SRAM,60,87480,9.607479674561374e-16,0.0,2.3258742154474987e-11,1.7837379143181842e-11
NOR2x1p5_ASAP7_75t_SRAM,60,116640,1.445410055479681e-15,0.0,2.350261651962171e-11,1.3789364615435229e-11
NOR2x2_ASAP7_75t_SRAM,60,145800,1.9378000485974992e-15,0.0,2.2601835333868614e-11,1.1859929704982619e-11
NOR2xp33_ASAP7_75t_SRAM,60,58320,3.308209995279022e-16,0.0,2.331475117134385e-11,4.086245578016623e-11
NOR2xp67_ASAP7_75t_SRAM,60,87480,7.25524006327862e-16,0.0,2.6535428368501535e-11,2.4378660548607378e-11
NOR3x1_ASAP7_75t_SRAM,61,160380,1.2455900069038264e-15,0.0,3.306061327479348e-11,2.096144438579195e-11
NOR3x2_ASAP7_75t_SRAM,61,291600,2.521180014975269e-15,0.0,3.201846426881261e-11,1.536587697359426e-11
NOR3xp33_ASAP7_75t_SRAM,61,72900,4.863989820214477e-16,0.0,3.8405473246072575e-11,4.599911770930554e-11
NOR4xp25_ASAP7_75t_SRAM,62,87480,4.850910043322095e-16,0.0,5.4628964546443726e-11,6.486822884399501e-11
NOR4xp75_ASAP7_75t_SRAM,62,204120,1.3959500017444895e-15,0.0,5.377136930162507e-11,3.3681210598324185e-11
NOR5xp2_ASAP7_75t_SRAM,63,102060,4.830750129781851e-16,0.0,7.080320357788494e-11,8.378732430092128e-11
O2A1O1Ixp33_ASAP7_75t_SRAM,64,87480,5.131190069194991e-16,0.0,4.0049064758962416e-11,4.735036668312986e-11
O2A1O1Ixp5_ASAP7_75t_SRAM,65,116640,8.196790240743476e-16,0.0,4.047884596958262e-11,3.3775243019062984e-11
OA211x2_ASAP7_75t_SRAM,66,116640,4.823500057148946e-16,4.404909770272525e-11,4.509359899373955e-11,4.7469587288739845e-11
OA21x2_ASAP7_75t_SRAM,67,102060,5.4512001754588495e-16,4.462490099665928e-11,3.089191749627851e-11,3.213260560408493e-11
OA221x2_ASAP7_75t_SRAM,68,233280,8.621880078070151e-16,3.98456996564267e-11,4.836495787197137e-11,4.630889768875157e-11
OA222x2_ASAP7_75t_SRAM,69,174960,5.497540289211948e-16,4.544839851683413e-11,4.635592257273835e-11,4.7411408132802535e-11
OA22x2_ASAP7_75t_SRAM,70,145800,5.457780033272239e-16,4.534820088886171e-11,3.3319812187126985e-11,3.474547385917681e-11
OA31x2_ASAP7_75t_SRAM,71,218700,1.0091099488543321e-15,6.017229770005628e-11,3.998370037838761e-11,3.767270523313826e-11
OA331x1_ASAP7_75t_SRAM,72,145800,5.654349910550361e-16,2.135779920975356e-11,5.20712466201001e-11,5.499693755961488e-11
OA331x2_ASAP7_75t_SRAM,72,160380,5.644800143465661e-16,3.126710002021582e-11,5.434881711341433e-11,5.640273317841782e-11
OA332x1_ASAP7_75t_SRAM,73,160380,5.511320456472592e-16,3.633280135084682e-11,5.6256371089302704e-11,5.927193458266089e-11
OA332x2_ASAP7_75t_SRAM,73,174960,5.5138303209744245e-16,4.624219757110026e-11,5.790177018405451e-11,6.004423347416576e-11
OA333x1_ASAP7_75t_SRAM,74,174960,5.515459800606705e-16,4.551060223123571e-11,6.298878085786441e-11,6.475884412049382e-11
OA333x2_ASAP7_75t_SRAM,74,189540,5.515459800606705e-16,5.541999845148915e-11,6.360369175784086e-11,6.487765880081042e-11
OA33x2_ASAP7_75t_SRAM,75,145800,5.456849885217036e-16,5.5269799154045174e-11,5.229603208811717e-11,5.4680072969492954e-11
OAI211xp5_ASAP7_75t_SRAM,76,87480,4.821209891817807e-16,0.0,3.55557180919952e-11,4.564418634722678e-11
OAI21x1_ASAP7_75t_SRAM,77,116640,1.1705600401942773e-15,0.0,2.6569069860871153e-11,1.877433104813253e-11
OAI21xp33_ASAP7_75t_SRAM,77,72900,3.9673699760411343e-16,0.0,2.8273879765228216e-11,4.253311244872826e-11
OAI21xp5_ASAP7_75t_SRAM,77,72900,5.443050130319487e-16,0.0,2.5870474165690105e-11,3.018386582342991e-11
OAI221xp5_ASAP7_75t_SRAM,78,102060,4.796859812166614e-16,0.0,3.9082577452109746e-11,4.978700091085031e-11
OAI222xp33_ASAP7_75t_SRAM,79,145800,5.509280165860893e-16,0.0,4.247582147121065e-11,4.5638975237904944e-11
OAI22x1_ASAP7_75t_SRAM,80,145800,1.1281199837676927e-15,0.0,2.747645687362077e-11,2.0733928463023688e-11
OAI22xp33_ASAP7_75t_SRAM,80,87480,4.1977099981351006e-16,0.0,3.1369237069034384e-11,4.440572215491656e-11
OAI22xp5_ASAP7_75t_SRAM,80,87480,5.442349739951226e-16,0.0,2.749757539721731e-11,3.1993081794912115e-11
OAI311xp33_ASAP7_75t_SRAM,81,102060,5.144030029884182e-16,0.0,4.377874104899426e-11,4.9817910213745265e-11
OAI31xp33_ASAP7_75t_SRAM,82,87480,4.643020100099512e-16,0.0,3.597131273402887e-11,4.48403536523756e-11
OAI31xp67_ASAP7_75t_SRAM,82,189540,1.0330599113170659e-15,0.0,4.050106083841598e-11,2.86929681403425e-11
OAI321xp33_ASAP7_75t_SRAM,83,116640,5.014750038122718e-16,0.0,4.546142975958567e-11,5.221999915816511e-11
OAI322xp33_ASAP7_75t_SRAM,84,131220,5.063719659781449e-16,0.0,4.8420639026103274e-11,5.4942321525697224e-11
OAI32xp33_ASAP7_75t_SRAM,85,102060,4.475130229019829e-16,0.0,3.808347734390871e-11,4.79056690150248e-11
OAI331xp33_ASAP7_75t_SRAM,86,131220,5.647220010716848e-16,0.0,4.778043932729403e-11,5.460382840327682e-11
OAI332xp33_ASAP7_75t_SRAM,87,145800,5.499479994661161e-16,0.0,5.048095969018007e-11,5.724025767261942e-11
OAI333xp33_ASAP7_75t_SRAM,88,160380,5.498899777092291e-16,0.0,5.6782363533347535e-11,6.080486114612427e-11
OAI33xp33_ASAP7_75t_SRAM,89,116640,4.721339942776197e-16,0.0,3.643847029666247e-11,4.9234828020106036e-11
OR2x2_ASAP7_75t_SRAM,90,87480,4.894409949723932e-16,3.805580156557298e-11,2.957463440811381e-11,3.1338230621624774e-11
OR2x4_ASAP7_75t_SRAM,90,116640,4.884189967819716e-16,5.787450033101216e-11,3.868794173911283e-11,3.972062956325573e-11
OR2x6_ASAP7_75t_SRAM,90,174960,9.537340052572798e-16,9.593029842713818e-11,3.2473589789416835e-11,3.0815509866055635e-11
OR3x1_ASAP7_75t_SRAM,91,87480,5.516369831629411e-16,5.336790037668848e-11,4.319540558572754e-11,4.463175662383634e-11
OR3x2_ASAP7_75t_SRAM,91,102060,5.515929903892431e-16,6.327740414979743e-11,4.6749631943399095e-11,4.774632425541547e-11
OR3x4_ASAP7_75t_SRAM,91,131220,5.515669970656742e-16,8.309639781822753e-11,6.039813094105284e-11,6.10047012905568e-11
OR4x1_ASAP7_75t_SRAM,92,102060,5.544450562017667e-16,6.406310204543075e-11,5.580373663160998e-11,5.7373508721703104e-11
OR4x2_ASAP7_75t_SRAM,92,116640,5.546440030652531e-16,7.397270296305436e-11,6.076043140845755e-11,6.186910012084823e-11
OR5x1_ASAP7_75t_SRAM,93,116640,4.849290092810471e-16,5.739759709189052e-11,6.650067996272213e-11,6.998338020203221e-11
OR5x2_ASAP7_75t_SRAM,93,131220,4.855640192936918e-16,6.730719454006717e-11,7.322568246204142e-11,7.576365229633453e-11
SDFHx1_ASAP7_75t_SRAM,94,364500,1.0145099956513151e-15,7.657939560257176e-11,6.997510210160485e-11,7.498227039270944e-11
SDFHx2_ASAP7_75t_SRAM,94,379080,1.0140800205514651e-15,8.648889937568072e-11,7.699510473635485e-11,8.08718300659983e-11
SDFHx3_ASAP7_75t_SRAM,94,393660,1.0137099730326334e-15,9.639829906538111e-11,8.968595310854255e-11,9.288917551808495e-11
SDFHx4_ASAP7_75t_SRAM,94,451980,1.122840003890983e-15,1.6533199809209975e-10,5.955666515511382e-11,5.986801332458214e-11
SDFLx1_ASAP7_75t_SRAM,95,364500,1.2743500577157806e-15,7.057319312275823e-11,7.808208940529582e-11,8.356605685211349e-11
SDFLx2_ASAP7_75t_SRAM,95,379080,1.2814000188148965e-15,8.048259975135252e-11,8.45216882594535e-11,8.857594518962841e-11
SDFLx3_ASAP7_75t_SRAM,95,393660,1.2809200687711585e-15,9.039199944105292e-11,9.52586759472851e-11,9.86881409925644e-11
SDFLx4_ASAP7_75t_SRAM,95,451980,1.122460003735021e-15,1.3533900389273157e-10,6.470902980115767e-11,6.501727628505094e-11
TAPCELL_ASAP7_75t_SRAM,96,29160,NaN,NaN,NaN,NaN
TAPCELL_WITH_FILLER_ASAP7_75t_SRAM,97,43740,NaN,NaN,NaN,NaN
TIEHIx1_ASAP7_75t_SRAM,98,43740,None,6.80607967987884e-13,None,None
TIELOx1_ASAP7_75t_SRAM,99,43740,None,1.3115899425569788e-12,None,None
XNOR2x1_ASAP7_75t_SRAM,100,174960,1.4119900529084074e-15,0.0,4.01570061925316e-11,2.8766935014634676e-11
XNOR2x2_ASAP7_75t_SRAM,100,160380,9.0569400225816e-16,0.0,4.8442642258672564e-11,4.5223144673478544e-11
XNOR2xp5_ASAP7_75t_SRAM,100,131220,9.001839470571525e-16,0.0,4.7072137854264895e-11,3.8443779409869094e-11
XOR2x1_ASAP7_75t_SRAM,101,174960,1.4238799602681344e-15,4.799089944884649e-11,4.336383335745708e-11,3.333854373122058e-11
XOR2x2_ASAP7_75t_SRAM,101,160380,9.013370765357208e-16,5.5676699362017246e-11,4.4463498855007444e-11,4.24286716871336e-11
XOR2xp5_ASAP7_75t_SRAM,101,131220,9.19461040508121e-16,2.8694099180048838e-11,5.2585720500264443e-11,4.136273268340318e-11
A2O1A1Ixp33_ASAP7_75t_R,1,87480,5.678290238013319e-16,0.0,2.6422617566135287e-11,2.929937542583971e-11
A2O1A1O1Ixp25_ASAP7_75t_R,2,131220,6.113640291309204e-16,0.0,3.637222467656187e-11,4.2082750478789066e-11
AND2x2_ASAP7_75t_R,3,87480,5.263220271057071e-16,1.2508699631652576e-10,1.9641727480590454e-11,2.1018789139737315e-11
AND2x4_ASAP7_75t_R,3,145800,1.0228200241385902e-15,2.501739926330515e-10,1.9358126213120386e-11,1.735161146709796e-11
AND2x6_ASAP7_75t_R,3,174960,1.0230700047371487e-15,3.481590016285452e-10,2.169744418856201e-11,2.0352641447174413e-11
AND3x1_ASAP7_75t_R,4,87480,5.897550010366015e-16,7.128359708064025e-11,3.0196019296102605e-11,3.0750652024735814e-11
AND3x2_ASAP7_75t_R,4,102060,5.904579854432634e-16,1.2027599749497853e-10,3.014314145510788e-11,3.050117797220864e-11
AND3x4_ASAP7_75t_R,4,204120,9.949110296803899e-16,2.3945501137490055e-10,2.836516264925759e-11,2.6177721448861213e-11
AND4x1_ASAP7_75t_R,5,102060,5.946199877087158e-16,6.930899604240537e-11,3.737534240433327e-11,3.788933403137129e-11
AND4x2_ASAP7_75t_R,5,116640,5.941020270614698e-16,1.1830100787868503e-10,3.796410061318589e-11,3.8315829675728e-11
AND5x1_ASAP7_75t_R,6,116640,5.154540120572832e-16,6.77609982013827e-11,4.450398036204284e-11,4.624435903655133e-11
AND5x2_ASAP7_75t_R,6,291600,9.97414964951592e-16,1.349129974403951e-10,4.4419159322961477e-11,4.1050291638145e-11
AO211x2_ASAP7_75t_R,7,233280,9.046520458539189e-16,1.9814200280521277e-10,3.1207505329922114e-11,2.856068680168189e-11
AO21x1_ASAP7_75t_R,8,87480,5.707369937883744e-16,1.2966400175784543e-10,2.5356930097308883e-11,2.6413369755284855e-11
AO21x2_ASAP7_75t_R,8,102060,5.724459886385783e-16,1.7865699197816554e-10,2.5937323469560347e-11,2.6623588750274152e-11
AO221x1_ASAP7_75t_R,9,145800,5.178359745840807e-16,1.2161900653229196e-10,3.353941083195089e-11,3.5987497704059734e-11
AO221x2_ASAP7_75t_R,9,160380,5.175589948103285e-16,1.7061199675261207e-10,3.5940830173109006e-11,3.7660496249314335e-11
AO222x2_ASAP7_75t_R,10,174960,5.89143972644276e-16,1.8002299650987652e-10,4.4528696702128556e-11,4.5404624504641333e-11
AO22x1_ASAP7_75t_R,11,131220,4.234420141371306e-16,8.545700258544286e-11,2.7262758023338662e-11,3.1061760802364446e-11
AO22x2_ASAP7_75t_R,11,145800,5.848910202161121e-16,1.5267699604581964e-10,2.661061128395037e-11,2.768880437431509e-11
AO31x2_ASAP7_75t_R,12,233280,1.1075600589181074e-15,1.7860699030869398e-10,2.921149780399368e-11,2.4539833706760383e-11
AO322x2_ASAP7_75t_R,13,218700,5.618140310846423e-16,1.5722900759129743e-10,4.584156318432342e-11,4.6534356229477325e-11
AO32x1_ASAP7_75t_R,14,116640,5.023990108786079e-16,8.915049948265974e-11,3.412859231333165e-11,3.5960099481480157e-11
AO32x2_ASAP7_75t_R,14,131220,5.083990217000429e-16,1.3814301091930048e-10,3.727193553793029e-11,3.8527552675970966e-11
AO331x1_ASAP7_75t_R,15,145800,6.039700138365416e-16,1.4690100524905603e-10,4.282382434772636e-11,4.4046429698019196e-11
AO331x2_ASAP7_75t_R,15,160380,6.037049984031694e-16,1.958950085478861e-10,4.4618645583804906e-11,4.547972068391637e-11
AO332x1_ASAP7_75t_R,16,160380,5.906340094776147e-16,1.2092099543892232e-10,4.639715694976232e-11,4.771641068379573e-11
AO332x2_ASAP7_75t_R,16,174960,5.904089634114411e-16,1.6991399953703024e-10,4.801304839818776e-11,4.894664534793591e-11
AO333x1_ASAP7_75t_R,17,174960,5.875229633414681e-16,1.158659973521381e-10,5.1358285679814486e-11,5.2637047498471645e-11
AO333x2_ASAP7_75t_R,17,189540,5.868530132197491e-16,1.648589875724582e-10,5.2938670808133637e-11,5.3852016596023233e-11
AO33x2_ASAP7_75t_R,18,145800,5.254459832800093e-16,1.4183700047798453e-10,4.200956943423151e-11,4.3514646747011554e-11
AOI211x1_ASAP7_75t_R,19,174960,9.641899917164237e-16,0.0,2.8194028708905527e-11,2.3533017548538204e-11
AOI211xp5_ASAP7_75t_R,19,87480,5.183369945723816e-16,0.0,3.3598099996590136e-11,3.9918124361548735e-11
AOI21x1_ASAP7_75t_R,20,116640,1.134369922248127e-15,0.0,2.3175674920827838e-11,1.5716157542033926e-11
AOI21xp33_ASAP7_75t_R,20,72900,4.423370163195487e-16,0.0,2.5503014630667842e-11,3.5805594600368806e-11
AOI21xp5_ASAP7_75t_R,20,72900,5.481719831339606e-16,0.0,2.2286946593785828e-11,2.523532077747248e-11
AOI221x1_ASAP7_75t_R,21,204120,8.822770352774861e-16,0.0,3.094796641178732e-11,2.484490044252219e-11
AOI221xp5_ASAP7_75t_R,22,102060,5.157210391939051e-16,0.0,3.295629741328909e-11,4.02315125658248e-11
AOI222xp33_ASAP7_75t_R,23,145800,5.16624982167303e-16,0.0,3.823979327632898e-11,4.3012739203707184e-11
AOI22x1_ASAP7_75t_R,24,145800,1.2054699737197713e-15,0.0,2.4949643046001668e-11,1.7963824872069267e-11
AOI22xp33_ASAP7_75t_R,24,87480,4.2380600007643353e-16,0.0,2.5303472858673182e-11,3.706324483432333e-11
AOI22xp5_ASAP7_75t_R,24,87480,5.834759987381646e-16,0.0,2.3733223719624164e-11,2.713912601592927e-11
AOI311xp33_ASAP7_75t_R,25,102060,5.545339946612284e-16,0.0,3.795831010622308e-11,4.1342689688361745e-11
AOI31xp33_ASAP7_75t_R,26,87480,4.951550262950115e-16,0.0,3.2722147907948695e-11,3.873738829707207e-11
AOI31xp67_ASAP7_75t_R,26,189540,1.12205003978855e-15,0.0,2.790293343601924e-11,1.7832967741382433e-11
AOI321xp33_ASAP7_75t_R,27,116640,5.419309914390317e-16,0.0,3.966410880296145e-11,4.361371680472459e-11
AOI322xp5_ASAP7_75t_R,28,131220,5.465499679795278e-16,0.0,4.222540025966559e-11,4.5906715928634156e-11
AOI32xp33_ASAP7_75t_R,29,102060,4.923550000691848e-16,0.0,3.545045507147293e-11,4.1580058840473555e-11
AOI331xp33_ASAP7_75t_R,30,131220,6.039090274643393e-16,0.0,4.3239578584319815e-11,4.698888847465277e-11
AOI332xp33_ASAP7_75t_R,31,145800,5.892670041798647e-16,0.0,4.595488573011508e-11,4.992293384242785e-11
AOI333xp33_ASAP7_75t_R,32,160380,5.888170179266358e-16,0.0,5.221987425807484e-11,5.369413247358068e-11
AOI33xp33_ASAP7_75t_R,33,116640,5.024440095039307e-16,0.0,3.567979939278487e-11,4.449767637693114e-11
ASYNC_DFFHx1_ASAP7_75t_R,102,379080,NaN,NaN,NaN,NaN
BUFx10_ASAP7_75t_R,34,204120,1.2069401052788495e-15,5.965780092154205e-10,1.9321445485220856e-11,1.809615304826373e-11
BUFx12_ASAP7_75t_R,34,233280,1.203930067821663e-15,6.945629626997629e-10,2.13377145813487e-11,2.0217929760923958e-11
BUFx12f_ASAP7_75t_R,34,262440,2.3428800030947123e-15,8.012139840474219e-10,1.5858417010128356e-11,1.3043691994563122e-11
BUFx16f_ASAP7_75t_R,34,320760,2.3418701280633484e-15,9.971840020384093e-10,1.8256882117206885e-11,1.6194819790760207e-11
BUFx24_ASAP7_75t_R,34,437400,2.3502599894059022e-15,1.389130033224717e-9,2.265244415655676e-11,2.1085759874250876e-11
BUFx2_ASAP7_75t_R,34,72900,5.342790016726548e-16,1.3353700090146248e-10,1.824868381405942e-11,1.8966899231753764e-11
BUFx3_ASAP7_75t_R,34,87480,6.295899546943464e-16,2.003029964114944e-10,1.6609096042952132e-11,1.654790367233705e-11
BUFx4_ASAP7_75t_R,34,102060,5.387510179968023e-16,2.315229952198905e-10,2.3650440980627074e-11,2.406331557625041e-11
BUFx4f_ASAP7_75t_R,34,116640,1.0041899579802055e-15,2.6707400180292495e-10,1.6980937489474712e-11,1.531249259334455e-11
BUFx5_ASAP7_75t_R,34,116640,6.297970013103909e-16,2.9828900460771024e-10,2.023400370865236e-11,2.0193909044952107e-11
BUFx6f_ASAP7_75t_R,34,145800,1.2028700060881742e-15,4.0060699202371097e-10,1.5532488489844454e-11,1.3712668153753604e-11
BUFx8_ASAP7_75t_R,34,174960,8.520450000218816e-16,4.6304501899463446e-10,2.1725003740424853e-11,2.1144792514138366e-11
CKINVDCx10_ASAP7_75t_R,35,349920,6.035250356656134e-15,0.0,1.2691967268829707e-11,3.5274983888750056e-12
CKINVDCx11_ASAP7_75t_R,35,379080,6.8352200357786174e-15,0.0,1.3177506828776497e-11,3.6662153347910564e-12
CKINVDCx12_ASAP7_75t_R,35,379080,7.218049705300881e-15,0.0,1.2884592698325648e-11,3.727831411615146e-12
CKINVDCx14_ASAP7_75t_R,35,408240,8.389280277952028e-15,0.0,1.3489347659711992e-11,3.78104578896421e-12
CKINVDCx16_ASAP7_75t_R,35,437400,9.540419229094304e-15,0.0,1.3193910373965334e-11,3.487297039680981e-12
CKINVDCx20_ASAP7_75t_R,35,554040,1.1945299926345663e-14,0.0,1.4713334717253446e-11,4.017322498967024e-12
CKINVDCx5p33_ASAP7_75t_R,35,320760,3.701580142796918e-15,0.0,1.3578717143747365e-11,4.195417884628183e-12
CKINVDCx6p67_ASAP7_75t_R,35,349920,4.511700241242823e-15,0.0,1.3668561942015156e-11,3.999957049610758e-12
CKINVDCx8_ASAP7_75t_R,35,320760,4.8858800103077256e-15,0.0,1.234911652103765e-11,3.450224481116315e-12
CKINVDCx9p33_ASAP7_75t_R,35,408240,6.1771499746613844e-15,0.0,1.3953530171584294e-11,3.9799747698909815e-12
DECAPx10_ASAP7_75t_R,103,320760,NaN,NaN,NaN,NaN
DECAPx1_ASAP7_75t_R,104,58320,NaN,NaN,NaN,NaN
DECAPx2_ASAP7_75t_R,105,87480,NaN,NaN,NaN,NaN
DECAPx2b_ASAP7_75t_R,106,87480,NaN,NaN,NaN,NaN
DECAPx4_ASAP7_75t_R,107,145800,NaN,NaN,NaN,NaN
DECAPx6_ASAP7_75t_R,108,204120,NaN,NaN,NaN,NaN
DFFHQNx1_ASAP7_75t_R,43,291600,5.588219930775849e-16,2.6014598808465905e-10,5.255024887462767e-11,5.575633357790544e-11
DFFHQNx2_ASAP7_75t_R,43,306180,5.590289867540702e-16,3.091409905842113e-10,5.7121651159119935e-11,5.955578391558802e-11
DFFHQNx3_ASAP7_75t_R,43,320760,5.586800091798014e-16,3.5813599308376354e-10,6.545261554968818e-11,6.744134417591141e-11
DFFHQx4_ASAP7_75t_R,44,364500,5.586929793718063e-16,4.810070119987131e-10,6.688499060159003e-11,6.778010791519407e-11
DFFLQNx1_ASAP7_75t_R,45,291600,5.583350020724729e-16,2.2446999814462743e-10,5.774910757927465e-11,6.092198273632832e-11
DFFLQNx2_ASAP7_75t_R,45,306180,5.584149937464292e-16,2.734640014434575e-10,6.123030554805453e-11,6.353746001552807e-11
DFFLQNx3_ASAP7_75t_R,45,320760,5.583050382819638e-16,3.224570055415654e-10,6.838819788246298e-11,7.027866483211298e-11
DFFLQx4_ASAP7_75t_R,46,364500,5.584269580868092e-16,4.5460502029470717e-10,7.097654408649845e-11,7.166282151027659e-11
DHLx1_ASAP7_75t_R,47,218700,5.569999722684817e-16,1.7747900371567482e-10,3.919677082908635e-11,4.180251284013892e-11
DHLx2_ASAP7_75t_R,47,233280,5.569229981494e-16,2.2647399233743926e-10,3.8266386587215706e-11,3.988263191923025e-11
DHLx3_ASAP7_75t_R,47,247860,5.569949959499166e-16,2.7546798175848153e-10,4.038063980416062e-11,4.1661965544115276e-11
DLLx1_ASAP7_75t_R,48,218700,5.63751989528401e-16,1.9337699497246064e-10,4.5384557223471234e-11,4.763083330527884e-11
DLLx2_ASAP7_75t_R,48,233280,5.63055993143554e-16,2.4236998519278075e-10,4.6220870880686604e-11,4.772538614306043e-11
DLLx3_ASAP7_75t_R,48,247860,5.614269899673063e-16,2.913630170464643e-10,4.8611038805379536e-11,4.98519836522604e-11
FAx1_ASAP7_75t_R,49,204120,1.996709919529615e-15,0.0,9.090593555693971e-11,4.577109524728229e-11
FILLER_ASAP7_75t_R,109,29160,NaN,NaN,NaN,NaN
FILLERxp5_ASAP7_75t_R,110,14580,NaN,NaN,NaN,NaN
HAxp5_ASAP7_75t_R,52,131220,9.811850725283708e-16,0.0,4.493852859277503e-11,3.381041627226189e-11
HB1xp67_ASAP7_75t_R,34,58320,3.167060160250769e-16,5.044180004243337e-11,2.020288970838724e-11,2.7227470278390342e-11
HB2xp67_ASAP7_75t_R,34,72900,4.76934977022657e-16,4.1782102083720574e-11,3.7708572375727556e-11,4.0898093939256697e-11
HB3xp67_ASAP7_75t_R,34,87480,6.013609935403208e-16,4.009749823841169e-11,5.665953123346057e-11,5.7150510018866285e-11
HB4xp67_ASAP7_75t_R,34,102060,7.217780031186299e-16,3.943960089070053e-11,7.763889531275936e-11,7.491034875739544e-11
ICGx1_ASAP7_75t_R,53,262440,2.1913100216888965e-15,2.9916399912899294e-10,1.5686991636232328e-11,1.879564906492881e-11
ICGx2_ASAP7_75t_R,53,277020,2.1886700317505416e-15,3.481560040263787e-10,1.3679324166460116e-11,1.5440064157767885e-11
ICGx2p67DC_ASAP7_75t_R,53,700380,5.942520154206049e-15,6.043790468091004e-10,4.461341712724831e-11,1.3188116397555572e-11
ICGx3_ASAP7_75t_R,53,291600,2.1886598673551746e-15,3.97148980368911e-10,1.4437374039333317e-11,1.5686549281745954e-11
ICGx4DC_ASAP7_75t_R,53,700380,5.938600085726156e-15,6.696959653496037e-10,3.3441891617025377e-11,1.2056243156588486e-11
ICGx4_ASAP7_75t_R,53,306180,2.1899299932595824e-15,4.4614098526629675e-10,1.5528045863022477e-11,1.6545794248590262e-11
ICGx5_ASAP7_75t_R,53,320760,2.190259912592538e-15,4.951339893644047e-10,1.70996376780419e-11,1.7966227464083495e-11
ICGx5p33DC_ASAP7_75t_R,53,700380,5.9390003087937335e-15,7.350129949124096e-10,2.780177824068808e-11,1.137246199989228e-11
ICGx6p67DC_ASAP7_75t_R,53,700380,5.937850038051362e-15,8.003300244752154e-10,2.483173215661605e-11,1.1261281837593451e-11
ICGx8DC_ASAP7_75t_R,53,700380,5.9386403197911504e-15,8.656459993261478e-10,2.2949711575570575e-11,1.1276478882604746e-11
INVx11_ASAP7_75t_R,35,189540,6.332829971685515e-15,0.0,1.2177298232274314e-11,3.469265022829071e-12
INVx13_ASAP7_75t_R,35,218700,7.466719943889904e-15,0.0,1.2557212214492353e-11,3.4834266547656423e-12
INVx1_ASAP7_75t_R,35,43740,6.199280086836942e-16,0.0,1.2233749603629551e-11,1.2233749603629551e-11
INVx2_ASAP7_75t_R,35,58320,1.1928101134109901e-15,0.0,1.1468243889256602e-11,6.826356754169316e-12
INVx3_ASAP7_75t_R,35,72900,1.7668600118747537e-15,0.0,1.1383252847274594e-11,5.3411858269569734e-12
INVx4_ASAP7_75t_R,35,87480,2.336450175992105e-15,0.0,1.135889299286319e-11,4.327238220525054e-12
INVx5_ASAP7_75t_R,35,102060,2.9074899311195635e-15,0.0,1.1399991194094294e-11,3.969122339825271e-12
INVx6_ASAP7_75t_R,35,116640,3.4824400138480215e-15,0.0,1.1395438412331593e-11,3.5489907453806202e-12
INVx8_ASAP7_75t_R,35,145800,4.610570162011081e-15,0.0,1.1584595262237318e-11,3.2987302125975226e-12
INVxp33_ASAP7_75t_R,35,43740,2.7572301508644724e-16,0.0,1.613859219873337e-11,3.2374353198250105e-11
INVxp67_ASAP7_75t_R,35,43740,4.431639851738649e-16,0.0,1.303872981806009e-11,1.7219836667692334e-11
MAJIxp5_ASAP7_75t_R,54,102060,1.121650028479209e-15,0.0,2.8619114023076264e-11,2.942509083614375e-11
MAJx2_ASAP7_75t_R,55,131220,1.1277100198212216e-15,1.5974800648965726e-10,2.9956270103381755e-11,3.017692346007905e-11
MAJx3_ASAP7_75t_R,55,145800,1.12881995061948e-15,2.0874099670997737e-10,3.296631023719243e-11,3.3153677719832686e-11
NAND2x1_ASAP7_75t_R,56,87480,9.903310166554675e-16,0.0,2.162729891008741e-11,1.5716906942575548e-11
NAND2x1p5_ASAP7_75t_R,56,116640,1.5292600703898707e-15,0.0,1.9291682834543522e-11,1.0963932019214528e-11
NAND2x2_ASAP7_75t_R,56,145800,2.0395200234750313e-15,0.0,2.108985382165418e-11,1.0836523518797936e-11
NAND2xp33_ASAP7_75t_R,56,58320,3.466820091025942e-16,0.0,2.1248823880992695e-11,3.4549755417723205e-11
NAND2xp5_ASAP7_75t_R,56,58320,5.239089890576572e-16,0.0,1.5687416643483942e-11,1.861788674617504e-11
NAND2xp67_ASAP7_75t_R,56,87480,7.585650145947986e-16,0.0,2.4528074016316737e-11,2.1238837077941497e-11
NAND3x1_ASAP7_75t_R,57,160380,1.2935800349590581e-15,0.0,3.0683171281520316e-11,1.9841074963555805e-11
NAND3x2_ASAP7_75t_R,57,291600,2.643840126616585e-15,0.0,3.096460587936889e-11,1.4951540006080677e-11
NAND3xp33_ASAP7_75t_R,57,72900,5.168309699921634e-16,0.0,2.360440141957465e-11,2.695503369121166e-11
NAND4xp25_ASAP7_75t_R,58,87480,5.156840344420219e-16,0.0,3.263600500957864e-11,3.705899129236023e-11
NAND4xp75_ASAP7_75t_R,58,204120,1.486770039019398e-15,0.0,3.26314947285411e-11,1.991035461501589e-11
NAND5xp2_ASAP7_75t_R,59,102060,5.105350270347814e-16,0.0,4.143640985887487e-11,4.717712331903101e-11
NOR2x1_ASAP7_75t_R,60,87480,1.017179949380179e-15,0.0,2.0225156618924878e-11,1.4867551634267784e-11
NOR2x1p5_ASAP7_75t_R,60,116640,1.5318299683518403e-15,0.0,2.0618898949331665e-11,1.1597015014963574e-11
NOR2x2_ASAP7_75t_R,60,145800,2.0508298191450076e-15,0.0,1.975472910253906e-11,9.991092154992831e-12
NOR2xp33_ASAP7_75t_R,60,58320,3.4882799354424255e-16,0.0,2.022538907187066e-11,3.3638855589934735e-11
NOR2xp67_ASAP7_75t_R,60,87480,7.616120038643091e-16,0.0,2.2959965526037074e-11,2.0241839454593347e-11
NOR3x1_ASAP7_75t_R,61,160380,1.3158400608129011e-15,0.0,2.8517424532914504e-11,1.7563867027448055e-11
NOR3x2_ASAP7_75t_R,61,291600,2.6628498752935765e-15,0.0,2.784449060211358e-11,1.2892394617158853e-11
NOR3xp33_ASAP7_75t_R,61,72900,5.181880226527832e-16,0.0,3.3240517977040085e-11,3.793912406457878e-11
NOR4xp25_ASAP7_75t_R,62,87480,5.161799722326393e-16,0.0,4.704193284910119e-11,5.343238004829054e-11
NOR4xp75_ASAP7_75t_R,62,204120,1.49010004317241e-15,0.0,4.651473997641098e-11,2.8171943944332867e-11
NOR5xp2_ASAP7_75t_R,63,102060,5.141489989833603e-16,0.0,6.092860244111264e-11,6.907778515863328e-11
O2A1O1Ixp33_ASAP7_75t_R,64,87480,5.51569008768924e-16,0.0,3.5183331942301166e-11,3.927977734741184e-11
O2A1O1Ixp5_ASAP7_75t_R,65,116640,8.795589594893063e-16,0.0,3.5515920066009343e-11,2.8285977726749678e-11
OA211x2_ASAP7_75t_R,66,116640,5.169079970508044e-16,1.3381100394393997e-10,3.6798078473232465e-11,3.827124034350149e-11
OA21x2_ASAP7_75t_R,67,102060,5.848910202161121e-16,1.4145899729367528e-10,2.4492106259765833e-11,2.5123004371296886e-11
OA221x2_ASAP7_75t_R,68,233280,9.28107023438101e-16,1.5292599131466744e-10,4.0289625802270024e-11,3.8005612545966017e-11
OA222x2_ASAP7_75t_R,69,174960,5.890709689921345e-16,1.425669998722512e-10,3.650880986416638e-11,3.689067801238011e-11
OA22x2_ASAP7_75t_R,70,145800,5.858629905230864e-16,1.5267699604581964e-10,2.663488700427319e-11,2.7376385880462095e-11
OA31x2_ASAP7_75t_R,71,218700,1.0636400241744327e-15,1.5699200273111558e-10,3.2118530057800854e-11,2.964014797490755e-11
OA331x1_ASAP7_75t_R,72,145800,6.048730038978739e-16,8.20078935315216e-11,4.2307417985609774e-11,4.3881922401345363e-11
OA331x2_ASAP7_75t_R,72,160380,6.041680077879623e-16,1.3100000251231592e-10,4.376676104866917e-11,4.481604323758326e-11
OA332x1_ASAP7_75t_R,73,160380,5.911950099864931e-16,1.0023699925643115e-10,4.5496852812965116e-11,4.7112806711435695e-11
OA332x2_ASAP7_75t_R,73,174960,5.904149985211903e-16,1.492290041538169e-10,4.662904437569004e-11,4.768091477203029e-11
OA333x1_ASAP7_75t_R,74,174960,5.906489913728693e-16,1.158659973521381e-10,5.0578874422058107e-11,5.116605403254759e-11
OA333x2_ASAP7_75t_R,74,189540,5.90301972562291e-16,1.648589875724582e-10,5.1031602554818534e-11,5.143922093830966e-11
OA33x2_ASAP7_75t_R,75,145800,5.850679971625291e-16,1.8002299650987652e-10,4.170848735829402e-11,4.300427722259137e-11
OAI211xp5_ASAP7_75t_R,76,87480,5.163679606073706e-16,0.0,3.124154754341468e-11,3.7847201067586766e-11
OAI21x1_ASAP7_75t_R,77,116640,1.2506899922792446e-15,0.0,2.3473617147273806e-11,1.585101667977984e-11
OAI21xp33_ASAP7_75t_R,77,72900,4.240520102080517e-16,0.0,2.4679694052287537e-11,3.5039283974303004e-11
OAI21xp5_ASAP7_75t_R,77,72900,5.836420171958265e-16,0.0,2.2799371765525045e-11,2.506347039632484e-11
OAI221xp5_ASAP7_75t_R,78,102060,5.141959563723737e-16,0.0,3.4814828103746365e-11,4.184429192033434e-11
OAI222xp33_ASAP7_75t_R,79,145800,5.904489857181988e-16,0.0,3.255943084590207e-11,3.351935048967469e-11
OAI22x1_ASAP7_75t_R,80,145800,1.2081999609087719e-15,0.0,2.4439479953675125e-11,1.7690975420703303e-11
OAI22xp33_ASAP7_75t_R,80,87480,4.465050007551911e-16,0.0,2.7614608516524086e-11,3.6953100301939656e-11
OAI22xp5_ASAP7_75t_R,80,87480,5.83943031529457e-16,0.0,2.4433340767293643e-11,2.6854022477929007e-11
OAI311xp33_ASAP7_75t_R,81,102060,5.55599985625348e-16,0.0,3.870170156572428e-11,4.168884681909901e-11
OAI31xp33_ASAP7_75t_R,82,87480,4.964619981326249e-16,0.0,3.1460396787696965e-11,3.716891724958593e-11
OAI31xp67_ASAP7_75t_R,82,189540,1.1155699201046993e-15,0.0,3.579373256124008e-11,2.427909956415064e-11
OAI321xp33_ASAP7_75t_R,83,116640,5.425549900233621e-16,0.0,4.037587278404864e-11,4.39650989225715e-11
OAI322xp33_ASAP7_75t_R,84,131220,5.477820303408684e-16,0.0,4.3301289637254214e-11,4.667345329667505e-11
OAI32xp33_ASAP7_75t_R,85,102060,4.802890157355473e-16,0.0,3.344748783495888e-11,3.990059324610051e-11
OAI331xp33_ASAP7_75t_R,86,131220,6.048380108492405e-16,0.0,4.263898609191408e-11,4.625725497087174e-11
OAI332xp33_ASAP7_75t_R,87,145800,5.902260042948341e-16,0.0,4.515398124849135e-11,4.872296316404956e-11
OAI333xp33_ASAP7_75t_R,88,160380,5.894400106593414e-16,0.0,5.052489329693266e-11,5.194180849321661e-11
OAI33xp33_ASAP7_75t_R,89,116640,5.037169941445355e-16,0.0,3.234694456732967e-11,4.120502550275518e-11
OR2x2_ASAP7_75t_R,90,87480,5.207640086640612e-16,1.6933400515117825e-10,2.3320650965885648e-11,2.4400982970296248e-11
OR2x4_ASAP7_75t_R,90,116640,5.199530275566244e-16,2.6732102642590405e-10,3.0046343885148374e-11,3.069538026534424e-11
OR2x6_ASAP7_75t_R,90,174960,1.0167600327965778e-15,4.366549899437189e-10,2.549832914255923e-11,2.3932347423261113e-11
OR3x1_ASAP7_75t_R,91,87480,5.915089945121284e-16,2.0897099328731628e-10,3.418143545985686e-11,3.467972783943729e-11
OR3x2_ASAP7_75t_R,91,102060,5.91459972480306e-16,2.579670088653785e-10,3.6562981808874184e-11,3.689638525261607e-11
OR3x4_ASAP7_75t_R,91,131220,5.910850015824684e-16,3.5595801306520514e-10,4.675139442245069e-11,4.695340991012209e-11
OR4x1_ASAP7_75t_R,92,102060,5.961750343207563e-16,2.6229801664001684e-10,4.4009202532224734e-11,4.450692592250505e-11
OR4x2_ASAP7_75t_R,92,116640,5.94252004832693e-16,3.112969881868821e-10,4.742232648236033e-11,4.77674150234364e-11
OR5x1_ASAP7_75t_R,93,116640,5.166609810675613e-16,2.2736600102657434e-10,5.2027448321778635e-11,5.41150596555795e-11
OR5x2_ASAP7_75t_R,93,131220,5.171049851506002e-16,2.763649864512274e-10,5.6765047523610335e-11,5.827874988151294e-11
SDFHx1_ASAP7_75t_R,94,364500,1.0717500470070374e-15,3.0391100747095834e-10,5.386950607810803e-11,5.70299467372859e-11
SDFHx2_ASAP7_75t_R,94,379080,1.0716400386030127e-15,3.529060099705106e-10,5.748117259951613e-11,6.002999486387495e-11
SDFHx3_ASAP7_75t_R,94,393660,1.0712499799308021e-15,4.0189998551376505e-10,6.577927785800242e-11,6.786745471165645e-11
SDFHx4_ASAP7_75t_R,94,451980,1.206910035609222e-15,7.04666991424574e-10,4.4983485686378444e-11,4.494744507144155e-11
SDFLx1_ASAP7_75t_R,95,364500,1.3585400504751745e-15,2.8006000296620925e-10,5.797939212071057e-11,6.166976651567069e-11
SDFLx2_ASAP7_75t_R,95,379080,1.3655600477837813e-15,3.290539785094637e-10,6.160613685857186e-11,6.430483923125507e-11
SDFLx3_ASAP7_75t_R,95,393660,1.3653200198223531e-15,3.7804698260757164e-10,6.883742187380193e-11,7.105713240029843e-11
SDFLx4_ASAP7_75t_R,95,451980,1.2063399824357199e-15,5.79939984923783e-10,4.7591250385004e-11,4.7553714438430816e-11
TAPCELL_ASAP7_75t_R,111,29160,NaN,NaN,NaN,NaN
TAPCELL_WITH_FILLER_ASAP7_75t_R,112,43740,NaN,NaN,NaN,NaN
TIEHIx1_ASAP7_75t_R,98,43740,None,8.768330029065852e-13,None,None
TIELOx1_ASAP7_75t_R,99,43740,None,1.6555900530720868e-12,None,None
XNOR2x1_ASAP7_75t_R,100,174960,1.519559954957033e-15,0.0,3.173471901929403e-11,2.2816949718507118e-11
XNOR2x2_ASAP7_75t_R,100,160380,9.726550272330463e-16,0.0,3.841699527940001e-11,3.530590750311369e-11
XNOR2xp5_ASAP7_75t_R,100,131220,9.694659481866339e-16,0.0,3.722733926680988e-11,2.925847411572313e-11
XOR2x1_ASAP7_75t_R,101,174960,1.5225800509304681e-15,2.0610001205678685e-10,3.716958685284766e-11,2.5909141151969628e-11
XOR2x2_ASAP7_75t_R,101,160380,9.720309757091567e-16,2.2369199548233354e-10,3.5666431613678995e-11,3.3530560272776455e-11
XOR2xp5_ASAP7_75t_R,101,131220,9.818610048202797e-16,1.2107199964805915e-10,4.497608882547688e-11,3.368437820339132e-11
sram_asap7_64x256_1rw,113,561792000,2.499999956129175e-14,0.00012889999197795987,2.1799999305738282e-10,2.1799999305738282e-10
DFFASRHQNx1_ASAP7_75t_R,42,379080,1.0794500000140526e-15,2.8616500835632053e-10,5.895760268881389e-11,6.295603621753187e-11
A2O1A1Ixp33_ASAP7_75t_SL,1,87480,6.150070119579428e-16,0.0,1.9626069866496287e-11,2.0413136458952152e-11
A2O1A1O1Ixp25_ASAP7_75t_SL,2,131220,6.583320060561714e-16,0.0,2.6141793590950257e-11,2.8313268396473745e-11
AND2x2_ASAP7_75t_SL,3,87480,5.657799981623646e-16,1.1970799462801551e-8,1.3990761674187446e-11,1.4665098996280435e-11
AND2x4_ASAP7_75t_SL,3,145800,1.1053300329262237e-15,2.3941598925603103e-8,1.3866079291713351e-11,1.2153285322558105e-11
AND2x6_ASAP7_75t_SL,3,174960,1.103790021148997e-15,3.407139814726179e-8,1.5466902064664723e-11,1.4337016816801107e-11
AND3x1_ASAP7_75t_SL,4,87480,6.376119919795551e-16,6.190419732376995e-9,2.1337639988239232e-11,2.110615675288141e-11
AND3x2_ASAP7_75t_SL,4,102060,6.376100332158646e-16,1.1254700282847807e-8,2.1017975554427082e-11,2.0884871956838857e-11
AND3x4_ASAP7_75t_SL,4,204120,1.066939958657817e-15,2.2508100272489173e-8,2.0134071493371763e-11,1.841146332615118e-11
AND4x1_ASAP7_75t_SL,5,102060,6.412960559045193e-16,5.877769826412305e-9,2.6020411519889208e-11,2.573674606765053e-11
AND4x2_ASAP7_75t_SL,5,116640,6.404939686430286e-16,1.0942000194802404e-8,2.6370478717341328e-11,2.6200552144528544e-11
AND5x1_ASAP7_75t_SL,6,116640,5.543670232915009e-16,5.701600080953995e-9,3.0444913950988806e-11,3.1227128521882364e-11
AND5x2_ASAP7_75t_SL,6,291600,1.0676100675982136e-15,1.1402200073007407e-8,3.048157906637705e-11,2.7564369189936322e-11
AO211x2_ASAP7_75t_SL,7,233280,9.74892041246745e-16,1.8843399729462362e-8,2.2641596930661478e-11,2.019560213506466e-11
AO21x1_ASAP7_75t_SL,8,87480,6.1835903896758325e-16,1.2054900189184536e-8,1.781535509393084e-11,1.8013460514887392e-11
AO21x2_ASAP7_75t_SL,8,102060,6.202159998857607e-16,1.7125199036627237e-8,1.746545269520894e-11,1.758745059310396e-11
AO221x1_ASAP7_75t_SL,9,145800,5.573299974805557e-16,1.0956299867359576e-8,2.2842229843722528e-11,2.4183504157559987e-11
AO221x2_ASAP7_75t_SL,9,160380,5.570480413882384e-16,1.6027399851736845e-8,2.3752493027995314e-11,2.461897352645792e-11
AO222x2_ASAP7_75t_SL,10,174960,6.364610330229141e-16,1.5662500629787246e-8,2.937928025859016e-11,2.9581715549342746e-11
AO22x1_ASAP7_75t_SL,11,131220,4.549269964101814e-16,7.52153983540893e-9,1.878659380838421e-11,2.125951498177514e-11
AO22x2_ASAP7_75t_SL,11,145800,6.330920124147693e-16,1.3815499855240887e-8,1.814334966987463e-11,1.854797912481665e-11
AO31x2_ASAP7_75t_SL,12,233280,1.2045299789065558e-15,1.5814800136126905e-8,2.181139643897545e-11,1.7856535694527054e-11
AO322x2_ASAP7_75t_SL,13,218700,6.093119859370785e-16,1.3715999891417141e-8,3.019308414398125e-11,3.0279043161662855e-11
AO32x1_ASAP7_75t_SL,14,116640,5.422139533829739e-16,7.418909930834161e-9,2.3732130843834298e-11,2.4686213143110258e-11
AO32x2_ASAP7_75t_SL,14,131220,5.48206976182594e-16,1.248479986060147e-8,2.500134994865011e-11,2.5574993511856547e-11
AO331x1_ASAP7_75t_SL,15,145800,6.514570102002226e-16,1.2466800036747827e-8,2.96054257498124e-11,2.9916864124901466e-11
AO331x2_ASAP7_75t_SL,15,160380,6.507469848321867e-16,1.7538198449074116e-8,2.9774238630153604e-11,2.998212095262076e-11
AO332x1_ASAP7_75t_SL,16,160380,6.384670188002491e-16,9.160629588222946e-9,3.1969232816564386e-11,3.2345105760445136e-11
AO332x2_ASAP7_75t_SL,16,174960,6.376980187632606e-16,1.422759954294861e-8,3.195175027337349e-11,3.2196013216578834e-11
AO333x1_ASAP7_75t_SL,17,174960,6.350080009414586e-16,8.444460242174046e-9,3.512661342353063e-11,3.545018792405763e-11
AO333x2_ASAP7_75t_SL,17,189540,6.345300096614111e-16,1.351059975007729e-8,3.505518444968381e-11,3.527167100059181e-11
AO33x2_ASAP7_75t_SL,18,145800,5.65561993057565e-16,1.238170010964268e-8,2.816965757879153e-11,2.889687794604967e-11
AOI211x1_ASAP7_75t_SL,19,174960,1.0336899979507047e-15,0.0,2.1354048737598497e-11,1.6860983095834392e-11
AOI211xp5_ASAP7_75t_SL,19,87480,5.56265012368061e-16,0.0,2.3797437978534397e-11,2.6764038901783138e-11
AOI21x1_ASAP7_75t_SL,20,116640,1.2117799456603422e-15,0.0,1.6927563517565858e-11,1.0813653791852396e-11
AOI21xp33_ASAP7_75t_SL,20,72900,4.735409689425683e-16,0.0,1.8315493219289714e-11,2.4268620099632265e-11
AOI21xp5_ASAP7_75t_SL,20,72900,5.863069946061253e-16,0.0,1.6314154888119603e-11,1.7207723093659588e-11
AOI221x1_ASAP7_75t_SL,21,204120,9.53693982950522e-16,0.0,2.3446362906742735e-11,1.8024597439603163e-11
AOI221xp5_ASAP7_75t_SL,22,102060,5.547850340509709e-16,0.0,2.3563812359683745e-11,2.699400772354643e-11
AOI222xp33_ASAP7_75t_SL,23,145800,5.561349928106575e-16,0.0,2.701560676554582e-11,2.8950980501818435e-11
AOI22x1_ASAP7_75t_SL,24,145800,1.3004399430406339e-15,0.0,1.8181125008287502e-11,1.2466448012782294e-11
AOI22xp33_ASAP7_75t_SL,24,87480,4.549650070136894e-16,0.0,1.8490663861170376e-11,2.5318571891808084e-11
AOI22xp5_ASAP7_75t_SL,24,87480,6.308580159559453e-16,0.0,1.7431814672286272e-11,1.86485427794425e-11
AOI311xp33_ASAP7_75t_SL,25,102060,6.006840024572278e-16,0.0,2.724178174706715e-11,2.78577976658978e-11
AOI31xp33_ASAP7_75t_SL,26,87480,5.334570091369037e-16,0.0,2.362734834171487e-11,2.6388420962253356e-11
AOI31xp67_ASAP7_75t_SL,26,189540,1.2154500335416767e-15,0.0,2.3579692018382836e-11,1.460480868187286e-11
AOI321xp33_ASAP7_75t_SL,27,116640,5.88886051111837e-16,0.0,2.841890611726683e-11,2.941775295584037e-11
AOI322xp5_ASAP7_75t_SL,28,131220,5.935699844914757e-16,0.0,3.026388861737672e-11,3.1112123294319005e-11
AOI32xp33_ASAP7_75t_SL,29,102060,5.315380030553399e-16,0.0,2.5743820269985562e-11,2.853494003585144e-11
AOI331xp33_ASAP7_75t_SL,30,131220,6.51718955139161e-16,0.0,3.095123463081606e-11,3.182809224511196e-11
AOI332xp33_ASAP7_75t_SL,31,145800,6.369400301545864e-16,0.0,3.283719823832243e-11,3.384796262717593e-11
AOI333xp33_ASAP7_75t_SL,32,160380,6.364189990129066e-16,0.0,3.693220382294804e-11,3.644072543718124e-11
AOI33xp33_ASAP7_75t_SL,33,116640,5.415750258429481e-16,0.0,2.6094524110953365e-11,3.0698513175941855e-11
BUFx10_ASAP7_75t_SL,34,204120,1.3022500524489163e-15,6.095810078932118e-8,1.3532243034464209e-11,1.2524364358112994e-11
BUFx12_ASAP7_75t_SL,34,233280,1.3010200547303847e-15,7.109220234724489e-8,1.4991641608674833e-11,1.4058996154753256e-11
BUFx12f_ASAP7_75t_SL,34,262440,2.5317499273658185e-15,8.138020035630689e-8,1.1422461067278622e-11,9.158476928228243e-12
BUFx16f_ASAP7_75t_SL,34,320760,2.5331299557951326e-15,1.0164799846279493e-7,1.298329759674699e-11,1.1252788631455068e-11
BUFx24_ASAP7_75t_SL,34,437400,2.5432200240210626e-15,1.4218200306004292e-7,1.6048603418417073e-11,1.4706376741391303e-11
BUFx2_ASAP7_75t_SL,34,72900,5.66126011121318e-16,1.3563099976465764e-8,1.272377862793217e-11,1.3066255542815153e-11
BUFx3_ASAP7_75t_SL,34,87480,6.771590073747927e-16,2.034469837042252e-8,1.1638780217371192e-11,1.1377244632515549e-11
BUFx4_ASAP7_75t_SL,34,102060,5.707459935134389e-16,2.369739959817707e-8,1.6518758583217164e-11,1.669169837070772e-11
BUFx4f_ASAP7_75t_SL,34,116640,1.068319987087131e-15,2.7126301205271375e-8,1.1954770506861223e-11,1.0528488671168734e-11
BUFx5_ASAP7_75t_SL,34,116640,6.774179876984157e-16,3.0479000656669086e-8,1.4087274749496892e-11,1.3924139619092557e-11
BUFx6f_ASAP7_75t_SL,34,145800,1.297109938887622e-15,4.068960279823841e-8,1.1006840404392815e-11,9.455263828839211e-12
BUFx8_ASAP7_75t_SL,34,174960,9.153760123617504e-16,4.739479919635414e-8,1.5198207276023723e-11,1.4674480380838517e-11
CKINVDCx10_ASAP7_75t_SL,35,349920,6.519259805793818e-15,0.0,1.0289230405191585e-11,2.889903377364944e-12
CKINVDCx11_ASAP7_75t_SL,35,379080,7.354720165406257e-15,0.0,1.0737166364349626e-11,3.023755724973487e-12
CKINVDCx12_ASAP7_75t_SL,35,379080,7.78319940507137e-15,0.0,1.0521317324319046e-11,3.1209047932773126e-12
CKINVDCx14_ASAP7_75t_SL,35,408240,9.058739544078043e-15,0.0,1.1214830279715482e-11,3.211717350404264e-12
CKINVDCx16_ASAP7_75t_SL,35,437400,1.0293700028647657e-14,0.0,1.0878658217305937e-11,3.0828241435326698e-12
CKINVDCx20_ASAP7_75t_SL,35,554040,1.287630009669423e-14,0.0,1.2470182005064334e-11,3.3745953080532853e-12
CKINVDCx5p33_ASAP7_75t_SL,35,320760,3.955069998855818e-15,0.0,1.0707186873237795e-11,3.5220671865121567e-12
CKINVDCx6p67_ASAP7_75t_SL,35,349920,4.8303599652305216e-15,0.0,1.0862567789704514e-11,3.333751460651846e-12
CKINVDCx8_ASAP7_75t_SL,35,320760,5.2656900073730275e-15,0.0,9.816859131150935e-12,3.1164925241161656e-12
CKINVDCx9p33_ASAP7_75t_SL,35,408240,6.6178400412941155e-15,0.0,1.1340758193645328e-11,3.3970398109067768e-12
DECAPx10_ASAP7_75t_SL,114,320760,NaN,NaN,NaN,NaN
DECAPx1_ASAP7_75t_SL,115,58320,NaN,NaN,NaN,NaN
DECAPx2_ASAP7_75t_SL,116,87480,NaN,NaN,NaN,NaN
DECAPx2b_ASAP7_75t_SL,117,87480,NaN,NaN,NaN,NaN
DECAPx4_ASAP7_75t_SL,118,145800,NaN,NaN,NaN,NaN
DECAPx6_ASAP7_75t_SL,119,204120,NaN,NaN,NaN,NaN
DFFASRHQNx1_ASAP7_75t_SL,42,379080,1.154450108812211e-15,2.754689987227721e-8,3.835124925966049e-11,4.0347451074618235e-11
DFFHQNx1_ASAP7_75t_SL,43,291600,6.194319650139584e-16,2.5987500151813947e-8,3.552133240325439e-11,3.721984526139366e-11
DFFHQNx2_ASAP7_75t_SL,43,306180,6.196590227833818e-16,3.1069500749936196e-8,3.723499286678589e-11,3.827715922000152e-11
DFFHQNx3_ASAP7_75t_SL,43,320760,6.19765007780907e-16,3.6151501348058446e-8,4.2039913217273295e-11,4.283021853845881e-11
DFFHQx4_ASAP7_75t_SL,44,364500,6.193060218026136e-16,4.803719733104117e-8,4.2074010941917095e-11,4.2487582896377774e-11
DFFLQNx1_ASAP7_75t_SL,45,291600,6.193619789166915e-16,2.2579801139954725e-8,3.607978846242865e-11,3.773690734898416e-11
DFFLQNx2_ASAP7_75t_SL,45,306180,6.191649908168957e-16,2.7649099010318423e-8,3.7673357489165227e-11,3.8675999902704206e-11
DFFLQNx3_ASAP7_75t_SL,45,320760,6.190729818630002e-16,3.2718499909378806e-8,4.296016667404423e-11,4.371739775743677e-11
DFFLQx4_ASAP7_75t_SL,46,364500,6.191790198000846e-16,4.4792500375478994e-8,4.379832954648499e-11,4.416321822131586e-11
DHLx1_ASAP7_75t_SL,47,218700,6.139220156920692e-16,1.7093599424811146e-8,2.6942009387354027e-11,2.8411042615750226e-11
DHLx2_ASAP7_75t_SL,47,233280,6.132299897741624e-16,2.2170199898141618e-8,2.6223086202481483e-11,2.7066423755051083e-11
DHLx3_ASAP7_75t_SL,47,247860,6.127689920926193e-16,2.724680037147209e-8,2.79603146191576e-11,2.857091473129625e-11
DLLx1_ASAP7_75t_SL,48,218700,6.1948103998534e-16,1.9210599333518985e-8,3.0229724973240835e-11,3.151048172389537e-11
DLLx2_ASAP7_75t_SL,48,233280,6.201800009855024e-16,2.4281499477751822e-8,3.036422155378027e-11,3.1152202345507973e-11
DLLx3_ASAP7_75t_SL,48,247860,6.17200986110009e-16,2.9352300146001653e-8,3.1845345804804026e-11,3.246019425473534e-11
FAx1_ASAP7_75t_SL,49,204120,2.1903399572060535e-15,0.0,6.293331133999658e-11,2.9866074890971817e-11
FILLER_ASAP7_75t_SL,120,29160,NaN,NaN,NaN,NaN
FILLERxp5_ASAP7_75t_SL,121,14580,NaN,NaN,NaN,NaN
HAxp5_ASAP7_75t_SL,52,131220,1.0714099632787148e-15,0.0,3.1949005940834496e-11,2.266188278698955e-11
HB1xp67_ASAP7_75t_SL,34,58320,3.329239970474774e-16,5.092500199310734e-9,1.4583429949754922e-11,1.97052547890042e-11
HB2xp67_ASAP7_75t_SL,34,72900,5.146690242734152e-16,3.991329933228371e-9,2.571431609310615e-11,2.748560233578612e-11
HB3xp67_ASAP7_75t_SL,34,87480,6.594030262784152e-16,3.7527598806263995e-9,3.835799039508814e-11,3.766934680848877e-11
HB4xp67_ASAP7_75t_SL,34,102060,8.011120089309741e-16,3.6485299226285406e-9,5.2325355853755084e-11,4.9011857072844833e-11
ICGx1_ASAP7_75t_SL,53,262440,2.3590299567835364e-15,2.7823100268165035e-8,1.1762349774735448e-11,1.3689819243489776e-11
ICGx2_ASAP7_75t_SL,53,277020,2.352950166046382e-15,3.288799987899438e-8,9.867225959914183e-12,1.0949362944101537e-11
ICGx2p67DC_ASAP7_75t_SL,53,699840,6.391869862175034e-15,5.247319734280609e-8,3.4532637166462266e-11,9.566139547168007e-12
ICGx3_ASAP7_75t_SL,53,291600,2.3520999567255754e-15,3.795300074216357e-8,1.0159249309860119e-11,1.0957507470821248e-11
ICGx4DC_ASAP7_75t_SL,53,699840,6.384910215963919e-15,5.922650103684646e-8,2.562425098495691e-11,8.671251217062803e-12
ICGx4_ASAP7_75t_SL,53,306180,2.3502199670991444e-15,4.301789857663607e-8,1.0793021858190865e-11,1.143603527847814e-11
ICGx5_ASAP7_75t_SL,53,320760,2.3504901706093186e-15,4.8082799963822254e-8,1.18772110202503e-11,1.2418682401871273e-11
ICGx5p33DC_ASAP7_75t_SL,53,699840,6.389369844431213e-15,6.597970525490382e-8,2.111893299128198e-11,8.169454696060896e-12
ICGx6p67DC_ASAP7_75t_SL,53,699840,6.388289877423464e-15,7.273300184351683e-8,1.8715551677872533e-11,8.063660850154974e-12
ICGx8DC_ASAP7_75t_SL,53,699840,6.387059985584051e-15,7.948629843212984e-8,1.718912512327364e-11,8.030010684167976e-12
INVx11_ASAP7_75t_SL,35,189540,6.835830323017114e-15,0.0,9.78504863941021e-12,3.096488560352939e-12
INVx13_ASAP7_75t_SL,35,218700,8.06487004728542e-15,0.0,1.0231003544358686e-11,3.1473612778498694e-12
INVx1_ASAP7_75t_SL,35,43740,6.674139991957504e-16,0.0,9.425260918960454e-12,8.867320940020296e-12
INVx2_ASAP7_75t_SL,35,58320,1.2861600263411105e-15,0.0,8.909128643153075e-12,5.00428865013447e-12
INVx3_ASAP7_75t_SL,35,72900,1.909670084419184e-15,0.0,8.867433697046234e-12,4.073306796026355e-12
INVx4_ASAP7_75t_SL,35,87480,2.524810186428964e-15,0.0,8.843071240549616e-12,3.5109174682107502e-12
INVx5_ASAP7_75t_SL,35,102060,3.1420100608082297e-15,0.0,8.987289211448424e-12,3.329261562615149e-12
INVx6_ASAP7_75t_SL,35,116640,3.763610059590245e-15,0.0,8.983465880907371e-12,2.921397282071303e-12
INVx8_ASAP7_75t_SL,35,145800,4.984270086911364e-15,0.0,9.156933024334624e-12,3.0015647085879227e-12
INVxp33_ASAP7_75t_SL,35,43740,2.9121000667536726e-16,0.0,1.2305557614555873e-11,2.3750917899079127e-11
INVxp67_ASAP7_75t_SL,35,43740,4.740920168143164e-16,0.0,1.0070237178860797e-11,1.2612718161553182e-11
MAJIxp5_ASAP7_75t_SL,54,102060,1.2136900049564006e-15,0.0,2.0519107246652624e-11,2.005119507930697e-11
MAJx2_ASAP7_75t_SL,55,131220,1.2241300036686651e-15,1.4685599403208016e-8,2.020837837346523e-11,2.001947739527221e-11
MAJx3_ASAP7_75t_SL,55,145800,1.2247699370603157e-15,1.975210039972808e-8,2.204397601957009e-11,2.1910057101948155e-11
NAND2x1_ASAP7_75t_SL,56,87480,1.0652799858394354e-15,0.0,1.6773599870179012e-11,1.1541033753670327e-11
NAND2x1p5_ASAP7_75t_SL,56,116640,1.6396600153943913e-15,0.0,1.5004126413531438e-11,7.985165480228762e-12
NAND2x2_ASAP7_75t_SL,56,145800,2.182130090364791e-15,0.0,1.6438376701510826e-11,7.822495255715989e-12
NAND2xp33_ASAP7_75t_SL,56,58320,3.7078200227611035e-16,0.0,1.65616201308616e-11,2.5524532140663858e-11
NAND2xp5_ASAP7_75t_SL,56,58320,5.633400138786802e-16,0.0,1.2295338358558894e-11,1.376883156101183e-11
NAND2xp67_ASAP7_75t_SL,56,87480,8.077660350668079e-16,0.0,1.888962077034595e-11,1.5608450296134002e-11
NAND3x1_ASAP7_75t_SL,57,160380,1.3887000349907031e-15,0.0,2.3895959863629024e-11,1.4820582261432236e-11
NAND3x2_ASAP7_75t_SL,57,291600,2.830709994340987e-15,0.0,2.4299489503887273e-11,1.1176322020634011e-11
NAND3xp33_ASAP7_75t_SL,57,72900,5.55618990927102e-16,0.0,1.7384560804800664e-11,1.881220700050701e-11
NAND4xp25_ASAP7_75t_SL,58,87480,5.548899602573121e-16,0.0,2.3642490742936673e-11,2.5492526492532086e-11
NAND4xp75_ASAP7_75t_SL,58,204120,1.6048599843938036e-15,0.0,2.383285409301994e-11,1.4029590857111973e-11
NAND5xp2_ASAP7_75t_SL,59,102060,5.501270410553419e-16,0.0,2.971316248601141e-11,3.2144391315380716e-11
NOR2x1_ASAP7_75t_SL,60,87480,1.0856800332202264e-15,0.0,1.4976212978079495e-11,1.0350119199198371e-11
NOR2x1p5_ASAP7_75t_SL,60,116640,1.6398700795653104e-15,0.0,1.5237332229300904e-11,8.112414386085565e-12
NOR2x2_ASAP7_75t_SL,60,145800,2.188829909219336e-15,0.0,1.462720049250077e-11,7.0221380793489274e-12
NOR2xp33_ASAP7_75t_SL,60,58320,3.720560192381196e-16,0.0,1.474974135884377e-11,2.2886952749656686e-11
NOR2xp67_ASAP7_75t_SL,60,87480,8.089889918239655e-16,0.0,1.6780635908597574e-11,1.395636470974404e-11
NOR3x1_ASAP7_75t_SL,61,160380,1.406419964247263e-15,0.0,2.0487816304592954e-11,1.2513729635843518e-11
NOR3x2_ASAP7_75t_SL,61,291600,2.8472500067020217e-15,0.0,2.0814164627958043e-11,9.431986441876816e-12
NOR3xp33_ASAP7_75t_SL,61,72900,5.563640093437714e-16,0.0,2.350526370764605e-11,2.5439162928964087e-11
NOR4xp25_ASAP7_75t_SL,62,87480,5.551850453603118e-16,0.0,3.2872014138485284e-11,3.546562002409992e-11
NOR4xp75_ASAP7_75t_SL,62,204120,1.6071900661525818e-15,0.0,3.275583970729912e-11,1.9079229515717167e-11
NOR5xp2_ASAP7_75t_SL,63,102060,5.524299648202488e-16,0.0,4.2230875046955774e-11,4.559072216969717e-11
O2A1O1Ixp33_ASAP7_75t_SL,64,87480,6.037510028801172e-16,0.0,2.529975187681721e-11,2.639598609133209e-11
O2A1O1Ixp5_ASAP7_75t_SL,65,116640,9.594830296285315e-16,0.0,2.581898930764659e-11,1.9385411678674025e-11
OA211x2_ASAP7_75t_SL,66,116640,5.561629978374761e-16,1.1400500099512101e-8,2.5966902239549228e-11,2.671591420311259e-11
OA21x2_ASAP7_75t_SL,67,102060,6.326169857500373e-16,1.2377300073751485e-8,1.6462440785569576e-11,1.6581416795169446e-11
OA221x2_ASAP7_75t_SL,68,233280,1.0009699622312183e-15,1.3815800059546746e-8,2.7545431213749083e-11,2.5241489454153054e-11
OA222x2_ASAP7_75t_SL,69,174960,6.369879933952247e-16,1.2382099789931544e-8,2.5944047257753233e-11,2.5813821566411654e-11
OA22x2_ASAP7_75t_SL,70,145800,6.33333999139888e-16,1.3815499855240887e-8,1.8023225273333665e-11,1.8201185350563698e-11
OA31x2_ASAP7_75t_SL,71,218700,1.1346400198791826e-15,1.2566300000571573e-8,2.3418210079451107e-11,2.109783528436715e-11
OA331x1_ASAP7_75t_SL,72,145800,6.527630291257704e-16,7.4103398972624746e-9,2.8968348553259915e-11,2.938789836481881e-11
OA331x2_ASAP7_75t_SL,72,160380,6.519929702975978e-16,1.2475200428241351e-8,2.91290394582866e-11,2.939269314050641e-11
OA332x1_ASAP7_75t_SL,73,160380,6.38548969237896e-16,8.106350257719441e-9,3.1055488042275314e-11,3.146245070029252e-11
OA332x2_ASAP7_75t_SL,73,174960,6.381679632303091e-16,1.3171900015152005e-8,3.0997118066755647e-11,3.1259703159314256e-11
OA333x1_ASAP7_75t_SL,74,174960,6.389120287349128e-16,8.444349219871583e-9,3.429581271752191e-11,3.40167061185781e-11
OA333x2_ASAP7_75t_SL,74,189540,6.379699692788884e-16,1.3510399909932858e-8,3.377272767002282e-11,3.360632605531322e-11
OA33x2_ASAP7_75t_SL,75,145800,6.328139738498331e-16,1.5662200425481387e-8,2.761078171653608e-11,2.8034406393540046e-11
OAI211xp5_ASAP7_75t_SL,76,87480,5.556279906521666e-16,0.0,2.27009088610286e-11,2.5846406612184403e-11
OAI21x1_ASAP7_75t_SL,77,116640,1.3449200783206806e-15,0.0,1.7090707321587573e-11,1.0892549882901559e-11
OAI21xp33_ASAP7_75t_SL,77,72900,4.549309668771216e-16,0.0,1.7957595480067035e-11,2.390243732108832e-11
OAI21xp5_ASAP7_75t_SL,77,72900,6.311820060582701e-16,0.0,1.670938040709835e-11,1.7137005356437918e-11
OAI221xp5_ASAP7_75t_SL,78,102060,5.536400043249607e-16,0.0,2.5212889068204625e-11,2.870033724566845e-11
OAI222xp33_ASAP7_75t_SL,79,145800,6.374279740717641e-16,0.0,2.400328720508771e-11,2.3604326826465183e-11
OAI22x1_ASAP7_75t_SL,80,145800,1.3022899688765557e-15,0.0,1.7996298895539553e-11,1.2269965425637519e-11
OAI22xp33_ASAP7_75t_SL,80,87480,4.7822199064645075e-16,0.0,2.0039754577982904e-11,2.52823716823114e-11
OAI22xp5_ASAP7_75t_SL,80,87480,6.316540151681275e-16,0.0,1.7934889684489974e-11,1.8471869867031643e-11
OAI311xp33_ASAP7_75t_SL,81,102060,6.020749893752969e-16,0.0,2.7504059793570512e-11,2.804805172840208e-11
OAI31xp33_ASAP7_75t_SL,82,87480,5.359600444355993e-16,0.0,2.2407764879717185e-11,2.4954559252332587e-11
OAI31xp67_ASAP7_75t_SL,82,189540,1.2079999552541015e-15,0.0,2.7625776666262425e-11,1.7013387226816334e-11
OAI321xp33_ASAP7_75t_SL,83,116640,5.89519049421232e-16,0.0,2.874153172405247e-11,2.966590514907885e-11
OAI322xp33_ASAP7_75t_SL,84,131220,5.95088026351633e-16,0.0,3.1331680305779486e-11,3.211712146233836e-11
OAI32xp33_ASAP7_75t_SL,85,102060,5.193509988893634e-16,0.0,2.3817765468225893e-11,2.688117263505152e-11
OAI331xp33_ASAP7_75t_SL,86,131220,6.521270132615008e-16,0.0,3.04470372525234e-11,3.136649967538929e-11
OAI332xp33_ASAP7_75t_SL,87,145800,6.367380127966663e-16,0.0,3.2221426915501894e-11,3.3135990479271626e-11
OAI333xp33_ASAP7_75t_SL,88,160380,6.360150172366255e-16,0.0,3.58644537679087e-11,3.537497378358623e-11
OAI33xp33_ASAP7_75t_SL,89,116640,5.424950095027847e-16,0.0,2.3516485633812145e-11,2.800276850678518e-11
OR2x2_ASAP7_75t_SL,90,87480,5.5913798930647e-16,1.7002399488319497e-8,1.5640792480620114e-11,1.6135284081064682e-11
OR2x4_ASAP7_75t_SL,90,116640,5.589690062334928e-16,2.714689983918106e-8,1.9994759320463018e-11,2.0271491082968218e-11
OR2x6_ASAP7_75t_SL,90,174960,1.0936000030352909e-15,4.414980026012927e-8,1.7112464223423274e-11,1.5864282110200634e-11
OR3x1_ASAP7_75t_SL,91,87480,6.378279853811049e-16,2.0519500765203702e-8,2.301834937934455e-11,2.2801049243126315e-11
OR3x2_ASAP7_75t_SL,91,102060,6.384099499554278e-16,2.5610999543346225e-8,2.3904487764236926e-11,2.3762828510465184e-11
OR3x4_ASAP7_75t_SL,91,131220,6.377669990089026e-16,3.5794101904684794e-8,3.0601528255846944e-11,3.052558553151563e-11
OR4x1_ASAP7_75t_SL,92,102060,6.402689755164142e-16,2.5681499593588342e-8,2.9067567797191884e-11,2.8796630011096447e-11
OR4x2_ASAP7_75t_SL,92,116640,6.405400260595356e-16,3.079439991893196e-8,3.077480978386227e-11,3.059901290680678e-11
OR5x1_ASAP7_75t_SL,93,116640,5.548409911650489e-16,2.2256401166487194e-8,3.3906127905325434e-11,3.482041391333901e-11
OR5x2_ASAP7_75t_SL,93,131220,5.55681989002554e-16,2.737119864093529e-8,3.670993023452418e-11,3.7289067666979037e-11
SDFHx1_ASAP7_75t_SL,94,364500,1.1464999634484005e-15,2.9502100318268276e-8,3.636778725391032e-11,3.8058195483969826e-11
SDFHx2_ASAP7_75t_SL,94,379080,1.1444699431111872e-15,3.4584100916390526e-8,3.7454775392298245e-11,3.857723168687599e-11
SDFHx3_ASAP7_75t_SL,94,393660,1.1440700376809648e-15,3.9666101514512775e-8,4.220852486969129e-11,4.3054261544828165e-11
SDFHx4_ASAP7_75t_SL,94,451980,1.3100099330369498e-15,6.972629762458382e-8,3.030719772367796e-11,3.0084081059644774e-11
SDFLx1_ASAP7_75t_SL,95,364500,1.4628200765566643e-15,2.7725301166015015e-8,3.613423102399871e-11,3.8152443010419645e-11
SDFLx2_ASAP7_75t_SL,95,379080,1.469849920623283e-15,3.279460258909239e-8,3.786018720752793e-11,3.9153791320245546e-11
SDFLx3_ASAP7_75t_SL,95,393660,1.4694999901369485e-15,3.786389868309925e-8,4.29050579786594e-11,4.382892659915427e-11
SDFLx4_ASAP7_75t_SL,95,451980,1.3098600082052858e-15,5.761219767919101e-8,2.9852554456200053e-11,2.962229767033975e-11
TAPCELL_ASAP7_75t_SL,122,29160,NaN,NaN,NaN,NaN
TAPCELL_WITH_FILLER_ASAP7_75t_SL,123,43740,NaN,NaN,NaN,NaN
TIEHIx1_ASAP7_75t_SL,98,43740,None,1.5201400251421693e-12,None,None
TIELOx1_ASAP7_75t_SL,99,43740,None,2.7231199066501954e-12,None,None
XNOR2x1_ASAP7_75t_SL,100,174960,1.6752299993440332e-15,0.0,2.3578937413670786e-11,1.58167628300232e-11
XNOR2x2_ASAP7_75t_SL,100,160380,1.0646099827781572e-15,0.0,2.6514438214442215e-11,2.3689506953306072e-11
XNOR2xp5_ASAP7_75t_SL,100,131220,1.0644999743741326e-15,0.0,2.7571934319015057e-11,2.035143581435861e-11
XOR2x1_ASAP7_75t_SL,101,174960,1.6727400401164608e-15,2.0438198689021192e-8,2.7311574876676126e-11,1.7007320898820844e-11
XOR2x2_ASAP7_75t_SL,101,160380,1.0632899878089798e-15,2.19400000389669e-8,2.4855544705770782e-11,2.3002426352558558e-11
XOR2xp5_ASAP7_75t_SL,101,131220,1.0763600238224689e-15,1.1930000098914206e-8,3.2935754817886576e-11,2.3295974524439877e-11
sram_asap7_16x256_1rw,124,140448000,2.499999956129175e-14,0.00012889999197795987,2.1799999305738282e-10,2.1799999305738282e-10
A2O1A1Ixp33_ASAP7_75t_L,1,87480,5.920609952959422e-16,0.0,2.2054072110200273e-11,2.363230271196226e-11
A2O1A1O1Ixp25_ASAP7_75t_L,2,131220,6.357480430395628e-16,0.0,3.011749877268599e-11,3.3633228146978666e-11
AND2x2_ASAP7_75t_L,3,87480,5.463870200162998e-16,1.160609941486257e-9,1.6048051776351713e-11,1.7027832269200793e-11
AND2x4_ASAP7_75t_L,3,145800,1.0646900273916728e-15,2.321219882972514e-9,1.5888970694710736e-11,1.4050679890409423e-11
AND2x6_ASAP7_75t_L,3,174960,1.0648900330463432e-15,3.2927400805959905e-9,1.7660520615359054e-11,1.641988107980996e-11
AND3x1_ASAP7_75t_L,4,87480,6.13784002261226e-16,6.059489576770716e-10,2.4692548353244526e-11,2.4795398373411714e-11
AND3x2_ASAP7_75t_L,4,102060,6.138979811321909e-16,1.091699952660008e-9,2.4320512617692636e-11,2.4386452926461466e-11
AND3x4_ASAP7_75t_L,4,204120,1.031389985861554e-15,2.1819199780281906e-9,2.3052870376516488e-11,2.110416529033099e-11
AND4x1_ASAP7_75t_L,5,102060,6.183729620716537e-16,5.761690013983412e-10,3.025010797408356e-11,3.030106027201995e-11
AND4x2_ASAP7_75t_L,5,116640,6.17594009397535e-16,1.0619199963812775e-9,3.039613352684434e-11,3.0425217900642565e-11
AND5x1_ASAP7_75t_L,6,116640,5.351449869821039e-16,5.589149698614904e-10,3.563550496354928e-11,3.681392690690899e-11
AND5x2_ASAP7_75t_L,6,291600,1.0321600446897266e-15,1.1170000480120734e-9,3.553310423676237e-11,3.2422016460476044e-11
AO211x2_ASAP7_75t_L,7,233280,9.394080311412494e-16,1.857279996464456e-9,2.5833427411137144e-11,2.3298951309924654e-11
AO21x1_ASAP7_75t_L,8,87480,5.939940303606949e-16,1.1956700074478022e-9,2.0698730923696118e-11,2.125577665268441e-11
AO21x2_ASAP7_75t_L,8,102060,5.957859815001706e-16,1.6814799552733461e-9,2.0656726329448816e-11,2.1012955264687605e-11
AO221x1_ASAP7_75t_L,9,145800,5.371509727594389e-16,1.0861700427966525e-9,2.6908465039499063e-11,2.872240466300635e-11
AO221x2_ASAP7_75t_L,9,160380,5.370439819102888e-16,1.5719999746366398e-9,2.821348710213556e-11,2.943987414960603e-11
AO222x2_ASAP7_75t_L,10,174960,6.125879917397029e-16,1.5398899932961285e-9,3.500365622355339e-11,3.549254640189403e-11
AO22x1_ASAP7_75t_L,11,131220,4.3922099386483693e-16,7.383459954546367e-10,2.2063474311440068e-11,2.508677120205416e-11
AO22x2_ASAP7_75t_L,11,145800,6.088170010585267e-16,1.3504000140329708e-9,2.1322643303789413e-11,2.2019823464614063e-11
AO31x2_ASAP7_75t_L,12,233280,1.1559499924035615e-15,1.5595600366680173e-9,2.452754666038004e-11,2.0278119461369926e-11
AO322x2_ASAP7_75t_L,13,218700,5.85272026223699e-16,1.344990008256275e-9,3.603270112839674e-11,3.637548595669671e-11
AO32x1_ASAP7_75t_L,14,116640,5.22301955798479e-16,7.317579875376623e-10,2.777654148355957e-11,2.9109870763877055e-11
AO32x2_ASAP7_75t_L,14,131220,5.287550233675766e-16,1.2175300767580666e-9,2.9612562402192566e-11,3.047490038099454e-11
AO331x1_ASAP7_75t_L,15,145800,6.279090178105203e-16,1.2466500054486573e-9,3.472074711075024e-11,3.5428906336454347e-11
AO331x2_ASAP7_75t_L,15,160380,6.268500148682156e-16,1.7324799372886446e-9,3.53479259751488e-11,3.5834467337902964e-11
AO332x1_ASAP7_75t_L,16,160380,6.147160032010017e-16,9.156060354342799e-10,3.756215130601426e-11,3.8341489705384646e-11
AO332x2_ASAP7_75t_L,16,174960,6.14086975358547e-16,1.4013900040410476e-9,3.800751727234264e-11,3.8549358150063995e-11
AO333x1_ASAP7_75t_L,17,174960,6.110100222985273e-16,8.46366976503532e-10,4.144571838504696e-11,4.217984989063339e-11
AO333x2_ASAP7_75t_L,17,189540,6.108740205709338e-16,1.332139953902356e-9,4.17931626806034e-11,4.230981190400662e-11
AO33x2_ASAP7_75t_L,18,145800,5.455629628377397e-16,1.210930022921275e-9,3.338446533107664e-11,3.4445224450507794e-11
AOI211x1_ASAP7_75t_L,19,174960,1.000550045647617e-15,0.0,2.3702064616548668e-11,1.9262537745423636e-11
AOI211xp5_ASAP7_75t_L,19,87480,5.373290084970399e-16,0.0,2.7595460638796254e-11,3.1867487815251394e-11
AOI21x1_ASAP7_75t_L,20,116640,1.1725599908618631e-15,0.0,1.932170742846573e-11,1.2760403844680468e-11
AOI21xp33_ASAP7_75t_L,20,72900,4.580649887819626e-16,0.0,2.103102761386033e-11,2.8636525442604643e-11
AOI21xp5_ASAP7_75t_L,20,72900,5.673570146914745e-16,0.0,1.864311829913312e-11,2.0323225741192275e-11
AOI221x1_ASAP7_75t_L,21,204120,9.18461012234769e-16,0.0,2.602705030663177e-11,2.044966279646232e-11
AOI221xp5_ASAP7_75t_L,22,102060,5.360839759436945e-16,0.0,2.7157704904356983e-11,3.2076993838892065e-11
AOI222xp33_ASAP7_75t_L,23,145800,5.363870019805747e-16,0.0,3.1355779084307756e-11,3.4400222254094004e-11
AOI22x1_ASAP7_75t_L,24,145800,1.2555600082094832e-15,0.0,2.078808826466716e-11,1.4618599733506876e-11
AOI22xp33_ASAP7_75t_L,24,87480,4.3921501169464695e-16,0.0,2.1127079252725167e-11,2.983899932695877e-11
AOI22xp5_ASAP7_75t_L,24,87480,6.078339663836789e-16,0.0,1.990279989427801e-11,2.1972441227591233e-11
AOI311xp33_ASAP7_75t_L,25,102060,5.782080361413941e-16,0.0,3.1395646499232654e-11,3.309310811494548e-11
AOI31xp33_ASAP7_75t_L,26,87480,5.142060148886224e-16,0.0,2.7116021233952736e-11,3.114802513137782e-11
AOI31xp67_ASAP7_75t_L,26,189540,1.1677199387221337e-15,0.0,2.5066356976188864e-11,1.571192655147602e-11
AOI321xp33_ASAP7_75t_L,27,116640,5.654209620718472e-16,0.0,3.2746139133621455e-11,3.491719760551071e-11
AOI322xp5_ASAP7_75t_L,28,131220,5.699830285861996e-16,0.0,3.486539876251804e-11,3.6811415027315775e-11
AOI32xp33_ASAP7_75t_L,29,102060,5.124049581449637e-16,0.0,2.9521902283891066e-11,3.358709144141159e-11
AOI331xp33_ASAP7_75t_L,30,131220,6.279700041827226e-16,0.0,3.56794004063854e-11,3.7703312694148394e-11
AOI332xp33_ASAP7_75t_L,31,145800,6.132640299107302e-16,0.0,3.793866262813417e-11,4.007363538227615e-11
AOI333xp33_ASAP7_75t_L,32,160380,6.1296100387385e-16,0.0,4.288286392650775e-11,4.3137979299778806e-11
AOI33xp33_ASAP7_75t_L,33,116640,5.233979634926668e-16,0.0,2.985666922028507e-11,3.608933638044043e-11
BUFx10_ASAP7_75t_L,34,204120,1.2552000192069001e-15,5.898660226932861e-9,1.5544931661337635e-11,1.44455567299695e-11
BUFx12_ASAP7_75t_L,34,233280,1.2519199899977762e-15,6.8702203925852245e-9,1.717006745116656e-11,1.617858451374854e-11
BUFx12f_ASAP7_75t_L,34,262440,2.4377699278020594e-15,7.91107979125627e-9,1.2995135349747056e-11,1.0552627348336951e-11
BUFx16f_ASAP7_75t_L,34,320760,2.438010061642606e-15,9.854200122560997e-9,1.4855486632492365e-11,1.2979466459950295e-11
BUFx24_ASAP7_75t_L,34,437400,2.4463501597995086e-15,1.3740399928963143e-8,1.828052639818445e-11,1.6854604517613225e-11
BUFx2_ASAP7_75t_L,34,72900,5.504460018995424e-16,1.3185099678736378e-9,1.474615395069545e-11,1.525132971302856e-11
BUFx3_ASAP7_75t_L,34,87480,6.536779835274826e-16,1.9777699478140676e-9,1.3459031632245821e-11,1.3284081300246608e-11
BUFx4_ASAP7_75t_L,34,102060,5.549920277274562e-16,2.2900801255332226e-9,1.9023340194768146e-11,1.9295441980315964e-11
BUFx4f_ASAP7_75t_L,34,116640,1.034980029129373e-15,2.6370299277544973e-9,1.3791378629390838e-11,1.2336329006934488e-11
BUFx5_ASAP7_75t_L,34,116640,6.533079889482101e-16,2.9493301134664307e-9,1.6213077755344862e-11,1.6100261748808187e-11
BUFx6f_ASAP7_75t_L,34,145800,1.2491900028087756e-15,3.955539895628135e-9,1.2694648283961829e-11,1.1018754485225823e-11
BUFx8_ASAP7_75t_L,34,174960,8.837059798595041e-16,4.580150037014619e-9,1.7447055952746204e-11,1.6894182233717636e-11
CKINVDCx10_ASAP7_75t_L,35,349920,6.271880021899937e-15,0.0,1.1140361202977012e-11,3.088803735354362e-12
CKINVDCx11_ASAP7_75t_L,35,379080,7.112470436557421e-15,0.0,1.1659971599353725e-11,3.1117638847610873e-12
CKINVDCx12_ASAP7_75t_L,35,379080,7.505409867821639e-15,0.0,1.1350520350006388e-11,3.1341719584215832e-12
CKINVDCx14_ASAP7_75t_L,35,408240,8.7359598518349e-15,0.0,1.2057097507900405e-11,3.304794155348234e-12
CKINVDCx16_ASAP7_75t_L,35,437400,9.915639578134908e-15,0.0,1.1688945818211227e-11,3.18684206628006e-12
CKINVDCx20_ASAP7_75t_L,35,554040,1.240699979820209e-14,0.0,1.3253726241502228e-11,3.558385357205207e-12
CKINVDCx5p33_ASAP7_75t_L,35,320760,3.826210029557074e-15,0.0,1.1731512462864746e-11,3.805300258924449e-12
CKINVDCx6p67_ASAP7_75t_L,35,349920,4.677700064179826e-15,0.0,1.1917663904348341e-11,3.44927818946017e-12
CKINVDCx8_ASAP7_75t_L,35,320760,5.0741800931635665e-15,0.0,1.0731826018128832e-11,3.2167597578680596e-12
CKINVDCx9p33_ASAP7_75t_L,35,408240,6.4026297217040055e-15,0.0,1.2264595589117633e-11,3.61362047056335e-12
DECAPx10_ASAP7_75t_L,125,320760,NaN,NaN,NaN,NaN
DECAPx1_ASAP7_75t_L,126,58320,NaN,NaN,NaN,NaN
DECAPx2_ASAP7_75t_L,127,87480,NaN,NaN,NaN,NaN
DECAPx2b_ASAP7_75t_L,128,87480,NaN,NaN,NaN,NaN
DECAPx4_ASAP7_75t_L,129,145800,NaN,NaN,NaN,NaN
DECAPx6_ASAP7_75t_L,130,204120,NaN,NaN,NaN,NaN
DFFASRHQNx1_ASAP7_75t_L,42,379080,1.117340007206224e-15,2.7440401062506226e-9,4.520458313228559e-11,4.794853750156314e-11
DFFHQNx1_ASAP7_75t_L,43,291600,5.912629843805102e-16,2.554360056805649e-9,4.177434786978296e-11,4.411248796798439e-11
DFFHQNx2_ASAP7_75t_L,43,306180,5.91575010142455e-16,3.0403000117473766e-9,4.3148581929663976e-11,4.469847755816936e-11
DFFHQNx3_ASAP7_75t_L,43,320760,5.914970301717484e-16,3.5262399666891042e-9,4.913430426412013e-11,5.038562275738734e-11
DFFHQx4_ASAP7_75t_L,44,364500,5.911369882296061e-16,4.7161399230333245e-9,5.035831474042851e-11,5.097922084473794e-11
DFFLQNx1_ASAP7_75t_L,45,291600,5.910230093586412e-16,2.195200021759547e-9,4.387178814679871e-11,4.6164096850764835e-11
DFFLQNx2_ASAP7_75t_L,45,306180,5.909980218866972e-16,2.6810000886001717e-9,4.568810954563851e-11,4.722922053446155e-11
DFFLQNx3_ASAP7_75t_L,45,320760,5.90966999305004e-16,3.166810147448018e-9,5.1102837239636045e-11,5.229106730952893e-11
DFFLQx4_ASAP7_75t_L,46,364500,5.910530260887096e-16,4.39675007513074e-9,5.292212848506672e-11,5.341421749349706e-11
DHLx1_ASAP7_75t_L,47,218700,5.857480058004967e-16,1.6766500410270169e-9,3.154806277327893e-11,3.3425692769206705e-11
DHLx2_ASAP7_75t_L,47,233280,5.854379917418016e-16,2.1625299329031122e-9,3.058821945733925e-11,3.1725632537726867e-11
DHLx3_ASAP7_75t_L,47,247860,5.851529651550505e-16,2.6484199278087317e-9,3.232683565279615e-11,3.319957503356008e-11
DLLx1_ASAP7_75t_L,48,218700,5.91936004996663e-16,1.8886898711656386e-9,3.5884281657239114e-11,3.755282890205436e-11
DLLx2_ASAP7_75t_L,48,233280,5.91462037123115e-16,2.3745099220207067e-9,3.615382646038334e-11,3.7253099910428134e-11
DLLx3_ASAP7_75t_L,48,247860,5.896800386207695e-16,2.8603299728757747e-9,3.7921381312866487e-11,3.880284288326763e-11
FAx1_ASAP7_75t_L,49,204120,2.090440044373934e-15,0.0,7.277756175483319e-11,3.577677737398588e-11
FILLER_ASAP7_75t_L,131,29160,NaN,NaN,NaN,NaN
FILLERxp5_ASAP7_75t_L,132,14580,NaN,NaN,NaN,NaN
HAxp5_ASAP7_75t_L,52,131220,1.026580003391452e-15,0.0,3.6504185091379426e-11,2.6619246737413782e-11
HB1xp67_ASAP7_75t_L,34,58320,3.2466201121017935e-16,4.973330081092797e-10,1.656586673393079e-11,2.250830077876742e-11
HB2xp67_ASAP7_75t_L,34,72900,4.958099945214759e-16,3.8699599080871394e-10,3.0188740396397407e-11,3.2521627751913584e-11
HB3xp67_ASAP7_75t_L,34,87480,6.298350119138989e-16,3.639190060411579e-10,4.526673133553594e-11,4.5059796172086664e-11
HB4xp67_ASAP7_75t_L,34,102060,7.623180058258456e-16,3.5399300157834546e-10,6.181977846297926e-11,5.874119940463274e-11
ICGx1_ASAP7_75t_L,53,262440,2.273750044379263e-15,2.7666398061398922e-9,1.3203826053354017e-11,1.5606276687618603e-11
ICGx2_ASAP7_75t_L,53,277020,2.2700499927074194e-15,3.2523999049516306e-9,1.1230079366431056e-11,1.2589996753464838e-11
ICGx2p67DC_ASAP7_75t_L,53,699840,6.168470004534396e-15,5.241149736434636e-9,3.811567381162284e-11,1.0889995502583183e-11
ICGx3_ASAP7_75t_L,53,291600,2.2694498698642897e-15,3.738149789711542e-9,1.1626651030827162e-11,1.2656566766855448e-11
ICGx4DC_ASAP7_75t_L,53,699840,6.1668199843531446e-15,5.888819654131794e-9,2.8419938277735035e-11,9.8753592109313e-12
ICGx4_ASAP7_75t_L,53,306180,2.2723600633128187e-15,4.2239101105678856e-9,1.2436253415959442e-11,1.3203642172665564e-11
ICGx5_ASAP7_75t_L,53,320760,2.270040040070289e-15,4.709669987335019e-9,1.3669951455519413e-11,1.4320977563542225e-11
ICGx5p33DC_ASAP7_75t_L,53,699840,6.167479823019056e-15,6.536490015918162e-9,2.355212032345566e-11,9.284967759926044e-12
ICGx6p67DC_ASAP7_75t_L,53,699840,6.1661601456872335e-15,7.1841599336153195e-9,2.093143366965755e-11,9.156844553437349e-12
ICGx8DC_ASAP7_75t_L,53,699840,6.1654300032867e-15,7.831830295401687e-9,1.92771701379435e-11,9.140686471620363e-12
INVx11_ASAP7_75t_L,35,189540,6.599740217760712e-15,0.0,1.0639577760485075e-11,3.2885799118587133e-12
INVx13_ASAP7_75t_L,35,218700,7.767730042355665e-15,0.0,1.107390828342103e-11,3.2336099943519603e-12
INVx1_ASAP7_75t_L,35,43740,6.431780042946407e-16,0.0,1.0445270516579175e-11,1.0138031907025447e-11
INVx2_ASAP7_75t_L,35,58320,1.2397199627002357e-15,0.0,9.846126518275877e-12,5.721795866969748e-12
INVx3_ASAP7_75t_L,35,72900,1.8411000144818697e-15,0.0,9.817556489988277e-12,4.516846965896271e-12
INVx4_ASAP7_75t_L,35,87480,2.4322400732059097e-15,0.0,9.76224309723328e-12,3.769327731883987e-12
INVx5_ASAP7_75t_L,35,102060,3.0255498068243415e-15,0.0,9.844938232694833e-12,3.5879858112375373e-12
INVx6_ASAP7_75t_L,35,116640,3.622629895849239e-15,0.0,9.858996431744149e-12,3.0304801636876766e-12
INVx8_ASAP7_75t_L,35,145800,4.793980323662423e-15,0.0,1.0097264170616516e-11,3.0697733851420272e-12
INVxp33_ASAP7_75t_L,35,43740,2.837400231135316e-16,0.0,1.3758416281262065e-11,2.698669586409519e-11
INVxp67_ASAP7_75t_L,35,43740,4.593039862255588e-16,0.0,1.1161637586409867e-11,1.4343643460479338e-11
MAJIxp5_ASAP7_75t_L,54,102060,1.1691399894582055e-15,0.0,2.361867819378194e-11,2.363574787278555e-11
MAJx2_ASAP7_75t_L,55,131220,1.174620080868704e-15,1.4364799350019553e-9,2.3873856017098127e-11,2.3855946731932143e-11
MAJx3_ASAP7_75t_L,55,145800,1.1756600255696955e-15,1.9222599068058344e-9,2.6045762768767133e-11,2.60417937214541e-11
NAND2x1_ASAP7_75t_L,56,87480,1.0307699577441639e-15,0.0,1.8625295750140936e-11,1.3140621403506803e-11
NAND2x1p5_ASAP7_75t_L,56,116640,1.5859299626929725e-15,0.0,1.6616786072121137e-11,9.142046494825529e-12
NAND2x2_ASAP7_75t_L,56,145800,2.1112800194917052e-15,0.0,1.8205749408028993e-11,8.953594810012788e-12
NAND2xp33_ASAP7_75t_L,56,58320,3.5881099151168373e-16,0.0,1.8306963583958336e-11,2.8953322378511004e-11
NAND2xp5_ASAP7_75t_L,56,58320,5.436750322774283e-16,0.0,1.3555111894048011e-11,1.5604420533499308e-11
NAND2xp67_ASAP7_75t_L,56,87480,7.837880146376963e-16,0.0,2.0989762011813795e-11,1.773755795020371e-11
NAND3x1_ASAP7_75t_L,57,160380,1.3410999597285637e-15,0.0,2.6453315232766172e-11,1.6792088552985973e-11
NAND3x2_ASAP7_75t_L,57,291600,2.7368199920278736e-15,0.0,2.6782683709702937e-11,1.2692843304185075e-11
NAND3xp33_ASAP7_75t_L,57,72900,5.35974020479229e-16,0.0,1.9563156650193037e-11,2.173481880585193e-11
NAND4xp25_ASAP7_75t_L,58,87480,5.343449643634222e-16,0.0,2.674249190148803e-11,2.95982405251749e-11
NAND4xp75_ASAP7_75t_L,58,204120,1.5455199266036011e-15,0.0,2.6882801540395462e-11,1.6143444220295677e-11
NAND5xp2_ASAP7_75t_L,59,102060,5.297799861733136e-16,0.0,3.3752067113423934e-11,3.744947407735566e-11
NOR2x1_ASAP7_75t_L,60,87480,1.0502799852556274e-15,0.0,1.6995535187525057e-11,1.2116769393388793e-11
NOR2x1p5_ASAP7_75t_L,60,116640,1.585299981938452e-15,0.0,1.7254081843831592e-11,9.462891407963081e-12
NOR2x2_ASAP7_75t_L,60,145800,2.118949902829093e-15,0.0,1.6590449500308857e-11,8.19144752028933e-12
NOR2xp33_ASAP7_75t_L,60,58320,3.6090300407272424e-16,0.0,1.6817493578291653e-11,2.7019388462723448e-11
NOR2xp67_ASAP7_75t_L,60,87480,7.847589790930458e-16,0.0,1.912652848601315e-11,1.639312297019302e-11
NOR3x1_ASAP7_75t_L,61,160380,1.3611999456877898e-15,0.0,2.3448949379445416e-11,1.4217165639207607e-11
NOR3x2_ASAP7_75t_L,61,291600,2.752630073746612e-15,0.0,2.320272619871222e-11,1.0542717740480434e-11
NOR3xp33_ASAP7_75t_L,61,72900,5.368499584258084e-16,0.0,2.722607035654523e-11,3.025706768466918e-11
NOR4xp25_ASAP7_75t_L,62,87480,5.35974020479229e-16,0.0,3.829365297081111e-11,4.235359632454028e-11
NOR4xp75_ASAP7_75t_L,62,204120,1.5480699192913102e-15,0.0,3.800317005531184e-11,2.256015860235827e-11
NOR5xp2_ASAP7_75t_L,63,102060,5.333150252391202e-16,0.0,4.934989569771453e-11,5.455971438528273e-11
O2A1O1Ixp33_ASAP7_75t_L,64,87480,5.7797001988321565e-16,0.0,2.914889857263958e-11,3.141884669100037e-11
O2A1O1Ixp5_ASAP7_75t_L,65,116640,9.203169673013215e-16,0.0,2.9548433144732655e-11,2.2825357923195178e-11
OA211x2_ASAP7_75t_L,66,116640,5.36373025936945e-16,1.1154799306467567e-9,2.9926221223330884e-11,3.098872894402582e-11
OA21x2_ASAP7_75t_L,67,102060,6.081750030240672e-16,1.2102300273042488e-9,1.944733610259597e-11,1.9778196441722073e-11
OA221x2_ASAP7_75t_L,68,233280,9.65780931349604e-16,1.3508300034104082e-9,3.246558924474563e-11,3.017701019625285e-11
OA222x2_ASAP7_75t_L,69,174960,6.131110345846324e-16,1.2119100167851116e-9,2.970690707315704e-11,2.978689517263433e-11
OA22x2_ASAP7_75t_L,70,145800,6.095200384047478e-16,1.3504000140329708e-9,2.1224594998203727e-11,2.1625720311724272e-11
OA31x2_ASAP7_75t_L,71,218700,1.0987099410478393e-15,1.2401800697503518e-9,2.6612113554480565e-11,2.4203803891675868e-11
OA331x1_ASAP7_75t_L,72,145800,6.291229748426133e-16,7.268060042697755e-10,3.4018437372607124e-11,3.4897019302038146e-11
OA331x2_ASAP7_75t_L,72,160380,6.275119711164948e-16,1.2125600523660296e-9,3.4562470940802115e-11,3.514293717143957e-11
OA332x1_ASAP7_75t_L,73,160380,6.147909656168337e-16,8.036010190615173e-10,3.6539715697614383e-11,3.7409578906855145e-11
OA332x2_ASAP7_75t_L,73,174960,6.142929631834074e-16,1.2893699441463013e-9,3.686658270329879e-11,3.744254906123956e-11
OA333x1_ASAP7_75t_L,74,174960,6.143979952688669e-16,8.46366976503532e-10,4.048301277537192e-11,4.056980792976894e-11
OA333x2_ASAP7_75t_L,74,189540,6.139889842344615e-16,1.332139953902356e-9,4.0287335967281734e-11,4.0348342722484887e-11
OA33x2_ASAP7_75t_L,75,145800,6.090149950099474e-16,1.5398899932961285e-9,3.285035785061119e-11,3.361901035336956e-11
OAI211xp5_ASAP7_75t_L,76,87480,5.369850072413362e-16,0.0,2.5970227704452675e-11,3.04677255646979e-11
OAI21x1_ASAP7_75t_L,77,116640,1.2986899729716065e-15,0.0,1.9557676658732426e-11,1.2864307709359313e-11
OAI21xp33_ASAP7_75t_L,77,72900,4.3913700525416075e-16,0.0,2.05174696676913e-11,2.8174918995094167e-11
OAI21xp5_ASAP7_75t_L,77,72900,6.072570310674803e-16,0.0,1.9065389891825824e-11,2.0225068148027603e-11
OAI221xp5_ASAP7_75t_L,78,102060,5.353540453013981e-16,0.0,2.8939588572751695e-11,3.377083335198705e-11
OAI222xp33_ASAP7_75t_L,79,145800,6.140439884364738e-16,0.0,2.699427140151478e-11,2.7146278280820724e-11
OAI22x1_ASAP7_75t_L,80,145800,1.2542200020869269e-15,0.0,2.0499591607547885e-11,1.4402073283958927e-11
OAI22xp33_ASAP7_75t_L,80,87480,4.623950212083265e-16,0.0,2.2961153811618118e-11,2.977378760204985e-11
OAI22xp5_ASAP7_75t_L,80,87480,6.088889988590434e-16,0.0,2.0431668509846013e-11,2.170732690820465e-11
OAI311xp33_ASAP7_75t_L,81,102060,5.784290058615091e-16,0.0,3.179901827965459e-11,3.3317786030107044e-11
OAI31xp33_ASAP7_75t_L,82,87480,5.16605976865549e-16,0.0,2.5919903376414588e-11,2.9687915320542047e-11
OAI31xp67_ASAP7_75t_L,82,189540,1.1606400138325086e-15,0.0,2.980931820828481e-11,1.9580460516865905e-11
OAI321xp33_ASAP7_75t_L,83,116640,5.663109819411746e-16,0.0,3.3232559065732303e-11,3.5190520636385614e-11
OAI322xp33_ASAP7_75t_L,84,131220,5.71645013107831e-16,0.0,3.5942641224417926e-11,3.775020920859795e-11
OAI32xp33_ASAP7_75t_L,85,102060,5.001500325245293e-16,0.0,2.754994669895705e-11,3.191771846822178e-11
OAI331xp33_ASAP7_75t_L,86,131220,6.284909823848432e-16,0.0,3.520219532537894e-11,3.7161551613706933e-11
OAI332xp33_ASAP7_75t_L,87,145800,6.130719651899403e-16,0.0,3.723139505029671e-11,3.91947307942786e-11
OAI333xp33_ASAP7_75t_L,88,160380,6.124820067421777e-16,0.0,4.154527416533327e-11,4.1817802692856176e-11
OAI33xp33_ASAP7_75t_L,89,116640,5.231420007239184e-16,0.0,2.6909287298426676e-11,3.3087255157937534e-11
OR2x2_ASAP7_75t_L,90,87480,5.399399875569513e-16,1.6658999735241764e-9,1.848395742021225e-11,1.922647631380503e-11
OR2x4_ASAP7_75t_L,90,116640,5.394350500412693e-16,2.63757016227828e-9,2.3582304511937657e-11,2.401377360849999e-11
OR2x6_ASAP7_75t_L,90,174960,1.0548700567967985e-15,4.3034797947427705e-9,2.016705379082051e-11,1.8795949172090154e-11
OR3x1_ASAP7_75t_L,91,87480,6.154249697778536e-16,2.0472901152146505e-9,2.724988810987039e-11,2.732547868533608e-11
OR3x2_ASAP7_75t_L,91,102060,6.15156989729166e-16,2.5333299902285944e-9,2.8546201860657483e-11,2.8598153359316036e-11
OR3x4_ASAP7_75t_L,91,131220,6.144499819160047e-16,3.505409962301087e-9,3.635910322818958e-11,3.6389991714402825e-11
OR4x1_ASAP7_75t_L,92,102060,6.167800107352236e-16,2.5679098847319892e-9,3.456352912212246e-11,3.461977579610753e-11
OR4x2_ASAP7_75t_L,92,116640,6.173999859130546e-16,3.0541698059494138e-9,3.675221238452764e-11,3.678727114597713e-11
OR5x1_ASAP7_75t_L,93,116640,5.355989966418322e-16,2.221820061265589e-9,4.0496505454568066e-11,4.190551725069547e-11
OR5x2_ASAP7_75t_L,93,131220,5.354499717826746e-16,2.7081101805492835e-9,4.388648472408718e-11,4.4821261285798997e-11
SDFHx1_ASAP7_75t_L,94,364500,1.1111099740000502e-15,2.912969865320747e-9,4.277131426810854e-11,4.5086028660490385e-11
SDFHx2_ASAP7_75t_L,94,379080,1.1105300740685362e-15,3.398899828255253e-9,4.345321324983331e-11,4.5073757226621325e-11
SDFHx3_ASAP7_75t_L,94,393660,1.10986991776527e-15,3.8848400052415855e-9,4.935817032869494e-11,5.0695087017160745e-11
SDFHx4_ASAP7_75t_L,94,451980,1.2586499844010669e-15,6.83406975454659e-9,3.518461216822644e-11,3.5031616496539186e-11
SDFLx1_ASAP7_75t_L,95,364500,1.4130000338188897e-15,2.7185500517390437e-9,4.396579281196189e-11,4.669480080377042e-11
SDFLx2_ASAP7_75t_L,95,379080,1.4200299837646268e-15,3.20436011058689e-9,4.601908437651403e-11,4.7856080209740526e-11
SDFLx3_ASAP7_75t_L,95,393660,1.419559986358019e-15,3.6901699473901317e-9,5.140235112555125e-11,5.282130635664295e-11
SDFLx4_ASAP7_75t_L,95,451980,1.258810073628098e-15,5.619819720692476e-9,3.5992542279927875e-11,3.583191729439328e-11
TAPCELL_ASAP7_75t_L,133,29160,NaN,NaN,NaN,NaN
TAPCELL_WITH_FILLER_ASAP7_75t_L,134,43740,NaN,NaN,NaN,NaN
TIEHIx1_ASAP7_75t_L,98,43740,None,1.1488399207643107e-12,None,None
TIELOx1_ASAP7_75t_L,99,43740,None,2.1240899664154433e-12,None,None
XNOR2x1_ASAP7_75t_L,100,174960,1.5954099554386426e-15,0.0,2.6469682348762014e-11,1.846299675645202e-11
XNOR2x2_ASAP7_75t_L,100,160380,1.0162500130832123e-15,0.0,3.0871503270413214e-11,2.7986959971748604e-11
XNOR2xp5_ASAP7_75t_L,100,131220,1.0161499573163178e-15,0.0,3.10377973322673e-11,2.365893765621241e-11
XOR2x1_ASAP7_75t_L,101,174960,1.5960299835560327e-15,2.0145500823076645e-9,3.1021463176017505e-11,2.0354412599843386e-11
XOR2x2_ASAP7_75t_L,101,160380,1.0174000720673468e-15,2.1614399159375353e-9,2.8850243374844986e-11,2.6870951644331065e-11
XOR2xp5_ASAP7_75t_L,101,131220,1.0271899729925936e-15,1.1810400435408042e-9,3.751804422691407e-11,2.733299350743401e-11
sram_asap7_32x256_1rw,135,280896000,2.499999956129175e-14,0.00012889999197795987,2.1799999305738282e-10,2.1799999305738282e-10
